,name,product_summary,product_tech_spec,product_addl_info,seller,seller_link,freq_bought,freq_bought_link,link_to_all_reviews
0,Puro Sound Labs BT2200 Volume Limited Kids’ Bluetooth Headphones – Safer Headphones for Kids – Studio-Grade Audio Quality & Noise Isolation – Lime Green,,,"[{'info': 'Package Dimensions', 'value': '8.27 x 7.09 x 2.36 inches'}, {'info': 'Item Weight', 'value': '1.14 pounds'}, {'info': 'ASIN', 'value': 'B08G74P3W9'}, {'info': 'Item model number', 'value': '43191609'}, {'info': 'Batteries', 'value': '1 Lithium ion batteries required. (included)'}, {'info': 'Customer Reviews', 'value': '/*\n* Fix for UDP-1061. Average customer reviews has a small extra line on hover\n* https://omni-grok.amazon.com/xref/src/appgroup/websiteTemplates/retail/SoftlinesDetailPageAssets/udp-intl-lock/src/legacy.css?indexName=WebsiteTemplates#40\n*/\n.noUnderline a:hover {\ntext-decoration: none;\n} 4.5 out of 5 stars 1,477 ratings P.when(\'A\', \'ready\').execute(function(A) {\nA.declarative(\'acrLink-click-metrics\', \'click\', { ""allowLinkDefault"" : true }, function(event){\nif(window.ue) {\nue.count(""acrLinkClickCount"", (ue.count(""acrLinkClickCount"") || 0) + 1);\n}\n});\n}); P.when(\'A\', \'cf\').execute(function(A) {\nA.declarative(\'acrStarsLink-click-metrics\', \'click\', { ""allowLinkDefault"" : true },  function(event){\nif(window.ue) {\nue.count(""acrStarsLinkWithPopoverClickCount"", (ue.count(""acrStarsLinkWithPopoverClickCount"") || 0) + 1);\n}\n});\n}); 4.5 out of 5 stars'}, {'info': 'Best Sellers Rank', 'value': '#238 in On-Ear Headphones'}, {'info': 'Date First Available', 'value': 'October 18, 2019'}, {'info': 'Manufacturer', 'value': 'Puro Sound Labs'}]",Puro Sound Labs,https://www.amazon.com/gp/help/seller/at-a-glance.html/ref=dp_merchant_link?ie=UTF8&seller=A6S62Y07R7V3Y&isAmazonFulfilled=1,,,/Puro-Sound-Labs-Bluetooth-Headphones/product-reviews/B08G74P3W9/ref=cm_cr_dp_d_show_all_btm?ie=UTF8&reviewerType=all_reviews
1,,,,,,,,,
2,"Anker Soundcore Life P2 True Wireless Earbuds with 4 Microphones, CVC 8.0 Noise Reduction, aptX Audio, Graphene Driver, USB C, 40H Playtime, IPX7 Waterproof, Wireless Earphones for Work, Home Office",,,"[{'info': 'Product Dimensions', 'value': '3.15 x 2.05 x 1.18 inches'}, {'info': 'Item Weight', 'value': '2.08 ounces'}, {'info': 'ASIN', 'value': 'B07SJR6HL3'}, {'info': 'Item model number', 'value': 'A3919011'}, {'info': 'Batteries', 'value': '1 Lithium Polymer batteries required. (included)'}, {'info': 'Customer Reviews', 'value': '/*\n* Fix for UDP-1061. Average customer reviews has a small extra line on hover\n* https://omni-grok.amazon.com/xref/src/appgroup/websiteTemplates/retail/SoftlinesDetailPageAssets/udp-intl-lock/src/legacy.css?indexName=WebsiteTemplates#40\n*/\n.noUnderline a:hover {\ntext-decoration: none;\n} 4.3 out of 5 stars 29,551 ratings P.when(\'A\', \'ready\').execute(function(A) {\nA.declarative(\'acrLink-click-metrics\', \'click\', { ""allowLinkDefault"" : true }, function(event){\nif(window.ue) {\nue.count(""acrLinkClickCount"", (ue.count(""acrLinkClickCount"") || 0) + 1);\n}\n});\n}); P.when(\'A\', \'cf\').execute(function(A) {\nA.declarative(\'acrStarsLink-click-metrics\', \'click\', { ""allowLinkDefault"" : true },  function(event){\nif(window.ue) {\nue.count(""acrStarsLinkWithPopoverClickCount"", (ue.count(""acrStarsLinkWithPopoverClickCount"") || 0) + 1);\n}\n});\n}); 4.3 out of 5 stars'}, {'info': 'Best Sellers Rank', 'value': '#15 in Earbud & In-Ear Headphones'}, {'info': 'Date First Available', 'value': 'June 2, 2019'}, {'info': 'Manufacturer', 'value': 'Anker'}]",AnkerDirect,https://www.amazon.com/gp/help/seller/at-a-glance.html/ref=dp_merchant_link?ie=UTF8&seller=A294P4X9EWVXLJ&isAmazonFulfilled=1,,,/Soundcore-Wireless-Microphones-Reduction-Waterproof/product-reviews/B07SJR6HL3/ref=cm_cr_dp_d_show_all_btm?ie=UTF8&reviewerType=all_reviews
3,"BENEWY Earbuds, in-Ear Earbuds Wired Earphones with Volume Control & Built-in Microphone, Wired in-Ear Headphones with Noise Isolating, Compatible with iPhone, Samsung, MP3, 3.5mm Interface",,,"[{'info': 'Product Dimensions', 'value': '7.09 x 2.36 x 0.71 inches'}, {'info': 'Item Weight', 'value': '0.635 ounces'}, {'info': 'ASIN', 'value': 'B083J88QRS'}, {'info': 'Item model number', 'value': 'BENEWY'}, {'info': 'Customer Reviews', 'value': '/*\n* Fix for UDP-1061. Average customer reviews has a small extra line on hover\n* https://omni-grok.amazon.com/xref/src/appgroup/websiteTemplates/retail/SoftlinesDetailPageAssets/udp-intl-lock/src/legacy.css?indexName=WebsiteTemplates#40\n*/\n.noUnderline a:hover {\ntext-decoration: none;\n} 4.3 out of 5 stars 4,576 ratings P.when(\'A\', \'ready\').execute(function(A) {\nA.declarative(\'acrLink-click-metrics\', \'click\', { ""allowLinkDefault"" : true }, function(event){\nif(window.ue) {\nue.count(""acrLinkClickCount"", (ue.count(""acrLinkClickCount"") || 0) + 1);\n}\n});\n}); P.when(\'A\', \'cf\').execute(function(A) {\nA.declarative(\'acrStarsLink-click-metrics\', \'click\', { ""allowLinkDefault"" : true },  function(event){\nif(window.ue) {\nue.count(""acrStarsLinkWithPopoverClickCount"", (ue.count(""acrStarsLinkWithPopoverClickCount"") || 0) + 1);\n}\n});\n}); 4.3 out of 5 stars'}, {'info': 'Best Sellers Rank', 'value': '#29,436 in Audio Headphones'}, {'info': 'Is Discontinued By Manufacturer', 'value': 'No'}, {'info': 'Date First Available', 'value': 'April 15, 2020'}, {'info': 'Manufacturer', 'value': 'BENEWY'}]",,,,,/Headphones-Earbuds-Microphone-Earphones-Isolating/product-reviews/B083J88QRS/ref=cm_cr_dp_d_show_all_btm?ie=UTF8&reviewerType=all_reviews
4,,,,,,,,,
5,,,,,,,,,
6,,,,,,,,,
7,,,,,,,,,
8,,,,,,,,,
9,,,,,,,,,
10,,,,,,,,,
11,"Bluetooth Headphones, OneOdio A11 Wireless Over Ear Headphones with Bass Up EQ Mode HiFi Stereo Sound CVC8.0 Microphone Headphones Compatible for Travel, Home Office Foldable Comfortable",,,"[{'info': 'Product Dimensions', 'value': '7.87 x 7.87 x 2.76 inches'}, {'info': 'Item Weight', 'value': '14.9 ounces'}, {'info': 'ASIN', 'value': 'B085M31H37'}, {'info': 'Item model number', 'value': 'A11'}, {'info': 'Customer Reviews', 'value': '/*\n* Fix for UDP-1061. Average customer reviews has a small extra line on hover\n* https://omni-grok.amazon.com/xref/src/appgroup/websiteTemplates/retail/SoftlinesDetailPageAssets/udp-intl-lock/src/legacy.css?indexName=WebsiteTemplates#40\n*/\n.noUnderline a:hover {\ntext-decoration: none;\n} 4.3 out of 5 stars 368 ratings P.when(\'A\', \'ready\').execute(function(A) {\nA.declarative(\'acrLink-click-metrics\', \'click\', { ""allowLinkDefault"" : true }, function(event){\nif(window.ue) {\nue.count(""acrLinkClickCount"", (ue.count(""acrLinkClickCount"") || 0) + 1);\n}\n});\n}); P.when(\'A\', \'cf\').execute(function(A) {\nA.declarative(\'acrStarsLink-click-metrics\', \'click\', { ""allowLinkDefault"" : true },  function(event){\nif(window.ue) {\nue.count(""acrStarsLinkWithPopoverClickCount"", (ue.count(""acrStarsLinkWithPopoverClickCount"") || 0) + 1);\n}\n});\n}); 4.3 out of 5 stars'}, {'info': 'Best Sellers Rank', 'value': '#355 in Over-Ear Headphones'}, {'info': 'Is Discontinued By Manufacturer', 'value': 'No'}, {'info': 'Date First Available', 'value': 'January 22, 2021'}, {'info': 'Manufacturer', 'value': 'OneOdio'}]",DIRONE,https://www.amazon.com/gp/help/seller/at-a-glance.html/ref=dp_merchant_link?ie=UTF8&seller=A3RJJJRIEAYNLE&isAmazonFulfilled=1,,,/Bluetooth-Headphones-Microphone-Compatible-Comfortable/product-reviews/B085M31H37/ref=cm_cr_dp_d_show_all_btm?ie=UTF8&reviewerType=all_reviews
12,"Sony Noise Cancelling Wireless Headphones with 35 Hours Battery Life, Quick Charge, Built-in Mic and Voice Assistant - Black",,,"[{'info': 'Product Dimensions', 'value': '9.09 x 8.74 x 2.64 inches'}, {'info': 'Item Weight', 'value': '7.9 ounces'}, {'info': 'ASIN', 'value': 'B086LLYK4S'}, {'info': 'Item model number', 'value': 'WHCH710NB.CE7'}, {'info': 'Batteries', 'value': '1 Lithium ion batteries required. (included)'}, {'info': 'Best Sellers Rank', 'value': '#713 in Over-Ear Headphones'}, {'info': 'Is Discontinued By Manufacturer', 'value': 'No'}, {'info': 'Date First Available', 'value': 'May 23, 2021'}, {'info': 'Manufacturer', 'value': 'Sony'}]",Intro Gallery,https://www.amazon.com/gp/help/seller/at-a-glance.html/ref=dp_merchant_link?ie=UTF8&seller=ALOKQ51O346LZ&isAmazonFulfilled=1,,,
13,"ULIX Rider Earphones in-Ear Headphones with Mic, 3 Years Warranty, with Anti-Tangle, Reinforced Cable, Microphone, Super Resistant, 48 Ω Driver, Intense Bass, Earbuds for Samsung, Computer, Laptop",,,"[{'info': 'Package Dimensions', 'value': '5.31 x 3.15 x 0.75 inches'}, {'info': 'Item Weight', 'value': '1.76 ounces'}, {'info': 'ASIN', 'value': 'B089PYQQSQ'}, {'info': 'Item model number', 'value': 'RIDER'}, {'info': 'Customer Reviews', 'value': '/*\n* Fix for UDP-1061. Average customer reviews has a small extra line on hover\n* https://omni-grok.amazon.com/xref/src/appgroup/websiteTemplates/retail/SoftlinesDetailPageAssets/udp-intl-lock/src/legacy.css?indexName=WebsiteTemplates#40\n*/\n.noUnderline a:hover {\ntext-decoration: none;\n} 4.6 out of 5 stars 6,475 ratings P.when(\'A\', \'ready\').execute(function(A) {\nA.declarative(\'acrLink-click-metrics\', \'click\', { ""allowLinkDefault"" : true }, function(event){\nif(window.ue) {\nue.count(""acrLinkClickCount"", (ue.count(""acrLinkClickCount"") || 0) + 1);\n}\n});\n}); P.when(\'A\', \'cf\').execute(function(A) {\nA.declarative(\'acrStarsLink-click-metrics\', \'click\', { ""allowLinkDefault"" : true },  function(event){\nif(window.ue) {\nue.count(""acrStarsLinkWithPopoverClickCount"", (ue.count(""acrStarsLinkWithPopoverClickCount"") || 0) + 1);\n}\n});\n}); 4.6 out of 5 stars'}, {'info': 'Best Sellers Rank', 'value': '#137 in Earbud & In-Ear Headphones'}, {'info': 'Date First Available', 'value': 'November 2, 2020'}, {'info': 'Manufacturer', 'value': 'ULIX'}]",AUDIO FORMULA USA,https://www.amazon.com/gp/help/seller/at-a-glance.html/ref=dp_merchant_link?ie=UTF8&seller=A2KDHKBXK17AW9&isAmazonFulfilled=1,,,/Connector-Headphones-Earphones-Isolation-Compatible/product-reviews/B089PYQQSQ/ref=cm_cr_dp_d_show_all_btm?ie=UTF8&reviewerType=all_reviews
14,"Wireless Earbuds, Muzili Wireless Sport Earbuds Bluetooth IPX7 Waterproof Headphones in Ear 36H Playtime Bluetooth Earphones with Ear Hooks & Charging Case for Running Workout",,,"[{'info': 'Product Dimensions', 'value': '3.79 x 2.56 x 1.38 inches'}, {'info': 'Item Weight', 'value': '6 ounces'}, {'info': 'ASIN', 'value': 'B0861CV1GZ'}, {'info': 'Item model number', 'value': 'G4'}, {'info': 'Batteries', 'value': '1 Lithium Polymer batteries required. (included)'}, {'info': 'Customer Reviews', 'value': '/*\n* Fix for UDP-1061. Average customer reviews has a small extra line on hover\n* https://omni-grok.amazon.com/xref/src/appgroup/websiteTemplates/retail/SoftlinesDetailPageAssets/udp-intl-lock/src/legacy.css?indexName=WebsiteTemplates#40\n*/\n.noUnderline a:hover {\ntext-decoration: none;\n} 4.2 out of 5 stars 4,681 ratings P.when(\'A\', \'ready\').execute(function(A) {\nA.declarative(\'acrLink-click-metrics\', \'click\', { ""allowLinkDefault"" : true }, function(event){\nif(window.ue) {\nue.count(""acrLinkClickCount"", (ue.count(""acrLinkClickCount"") || 0) + 1);\n}\n});\n}); P.when(\'A\', \'cf\').execute(function(A) {\nA.declarative(\'acrStarsLink-click-metrics\', \'click\', { ""allowLinkDefault"" : true },  function(event){\nif(window.ue) {\nue.count(""acrStarsLinkWithPopoverClickCount"", (ue.count(""acrStarsLinkWithPopoverClickCount"") || 0) + 1);\n}\n});\n}); 4.2 out of 5 stars'}, {'info': 'Best Sellers Rank', 'value': '#6,397 in Earbud & In-Ear Headphones'}, {'info': 'Date First Available', 'value': 'May 12, 2020'}, {'info': 'Manufacturer', 'value': 'Muzili'}]",,,,,/Muzili-Headphones-Bluetooth-Waterproof-Immersive/product-reviews/B0861CV1GZ/ref=cm_cr_dp_d_show_all_btm?ie=UTF8&reviewerType=all_reviews
15,,,,,,,,,
16,,,,,,,,,
17,,,,,,,,,
18,"HolyHigh Wireless Earbuds, Wireless Sports Headphones Waterproof IPX7 Bluetooth 5.0 36H Enhanced Playtime Auto On/Off/Pairing Bluetooth Earphones Over Ear Hi-Fi Stereo for Gym Fitness",,,"[{'info': 'Product Dimensions', 'value': '3.79 x 2.56 x 1.38 inches'}, {'info': 'Item Weight', 'value': '6.3 ounces'}, {'info': 'ASIN', 'value': 'B089Y2W7CQ'}, {'info': 'Item model number', 'value': 'G4'}, {'info': 'Batteries', 'value': '1 Lithium Polymer batteries required.'}, {'info': 'Customer Reviews', 'value': '/*\n* Fix for UDP-1061. Average customer reviews has a small extra line on hover\n* https://omni-grok.amazon.com/xref/src/appgroup/websiteTemplates/retail/SoftlinesDetailPageAssets/udp-intl-lock/src/legacy.css?indexName=WebsiteTemplates#40\n*/\n.noUnderline a:hover {\ntext-decoration: none;\n} 4.3 out of 5 stars 7,381 ratings P.when(\'A\', \'ready\').execute(function(A) {\nA.declarative(\'acrLink-click-metrics\', \'click\', { ""allowLinkDefault"" : true }, function(event){\nif(window.ue) {\nue.count(""acrLinkClickCount"", (ue.count(""acrLinkClickCount"") || 0) + 1);\n}\n});\n}); P.when(\'A\', \'cf\').execute(function(A) {\nA.declarative(\'acrStarsLink-click-metrics\', \'click\', { ""allowLinkDefault"" : true },  function(event){\nif(window.ue) {\nue.count(""acrStarsLinkWithPopoverClickCount"", (ue.count(""acrStarsLinkWithPopoverClickCount"") || 0) + 1);\n}\n});\n}); 4.3 out of 5 stars'}, {'info': 'Best Sellers Rank', 'value': '#4,124 in Earbud & In-Ear Headphones'}, {'info': 'Date First Available', 'value': 'June 22, 2020'}, {'info': 'Manufacturer', 'value': 'Holyhigh'}]",,,,,/HolyHigh-Headphones-Waterproof-Bluetooth-Earphones/product-reviews/B089Y2W7CQ/ref=cm_cr_dp_d_show_all_btm?ie=UTF8&reviewerType=all_reviews
19,,,,,,,,,
20,,,,,,,,,
21,,,,,,,,,
22,,,,,,,,,
23,,,,,,,,,
24,,,,,,,,,
25,,,,,,,,,
26,,,,,,,,,
27,,,,,,,,,
28,,,,,,,,,
29,,,,,,,,,
30,"Tiksounds Wireless Earbuds, Bluetooth Headphones with Microphone, HiFi Stereo Earphones, 150H Playtime with Charging Case, LED Display for Sports",,,"[{'info': 'Item Weight', 'value': '3.23 ounces'}, {'info': 'ASIN', 'value': 'B08B3QSV16'}, {'info': 'Item model number', 'value': 'S20'}, {'info': 'Batteries', 'value': '3 Lithium ion batteries required.'}, {'info': 'Customer Reviews', 'value': '/*\n* Fix for UDP-1061. Average customer reviews has a small extra line on hover\n* https://omni-grok.amazon.com/xref/src/appgroup/websiteTemplates/retail/SoftlinesDetailPageAssets/udp-intl-lock/src/legacy.css?indexName=WebsiteTemplates#40\n*/\n.noUnderline a:hover {\ntext-decoration: none;\n} 4.2 out of 5 stars 11,615 ratings P.when(\'A\', \'ready\').execute(function(A) {\nA.declarative(\'acrLink-click-metrics\', \'click\', { ""allowLinkDefault"" : true }, function(event){\nif(window.ue) {\nue.count(""acrLinkClickCount"", (ue.count(""acrLinkClickCount"") || 0) + 1);\n}\n});\n}); P.when(\'A\', \'cf\').execute(function(A) {\nA.declarative(\'acrStarsLink-click-metrics\', \'click\', { ""allowLinkDefault"" : true },  function(event){\nif(window.ue) {\nue.count(""acrStarsLinkWithPopoverClickCount"", (ue.count(""acrStarsLinkWithPopoverClickCount"") || 0) + 1);\n}\n});\n}); 4.2 out of 5 stars'}, {'info': 'Best Sellers Rank', 'value': '#2,011 in Earbud & In-Ear Headphones'}, {'info': 'Is Discontinued By Manufacturer', 'value': 'No'}, {'info': 'Date First Available', 'value': 'January 10, 2021'}, {'info': 'Manufacturer', 'value': 'Tiksounds'}, {'info': 'Country of Origin', 'value': 'China'}]",Tiksounds,https://www.amazon.com/gp/help/seller/at-a-glance.html/ref=dp_merchant_link?ie=UTF8&seller=ALNLXCPPKDHMR&isAmazonFulfilled=1,,,/Tiksounds-Bluetooth-Headphones-Microphone-Waterproof/product-reviews/B08B3QSV16/ref=cm_cr_dp_d_show_all_btm?ie=UTF8&reviewerType=all_reviews
31,,,,,,,,,
32,,,,,,,,,
33,,,,,,,,,
34,,,,,,,,,
35,,,,,,,,,
36,,,,,,,,,
37,,,,,,,,,
38,,,,,,,,,
39,,,,,,,,,
40,,,,,,,,,
41,,,,,,,,,
42,,,,,,,,,
43,"Earbuds with Microphone, Vogek Earphones Noise Isolating, in-Ear Headphones with HiFi Stereo & Powerful Bass 3.5mm Interface Compatible with iPhone and Android Smartphones, iPad, iPod, MP3 Players",,,,,,,,/Microphone-Earphones-Headphones-Compatible-Smartphones/product-reviews/B08L8R4VVL?reviewerType=all_reviews
44,"Bluetooth Headphones, OneOdio A11 Wireless Over Ear Headphones with Bass Up EQ Mode HiFi Stereo Sound CVC8.0 Microphone Headphones Compatible for Travel, Home Office Foldable Comfortable",,,"[{'info': 'Product Dimensions', 'value': '7.87 x 7.87 x 2.76 inches'}, {'info': 'Item Weight', 'value': '14.9 ounces'}, {'info': 'ASIN', 'value': 'B085M31H37'}, {'info': 'Item model number', 'value': 'A11'}, {'info': 'Customer Reviews', 'value': '/*\n* Fix for UDP-1061. Average customer reviews has a small extra line on hover\n* https://omni-grok.amazon.com/xref/src/appgroup/websiteTemplates/retail/SoftlinesDetailPageAssets/udp-intl-lock/src/legacy.css?indexName=WebsiteTemplates#40\n*/\n.noUnderline a:hover {\ntext-decoration: none;\n} 4.3 out of 5 stars 368 ratings P.when(\'A\', \'ready\').execute(function(A) {\nA.declarative(\'acrLink-click-metrics\', \'click\', { ""allowLinkDefault"" : true }, function(event){\nif(window.ue) {\nue.count(""acrLinkClickCount"", (ue.count(""acrLinkClickCount"") || 0) + 1);\n}\n});\n}); P.when(\'A\', \'cf\').execute(function(A) {\nA.declarative(\'acrStarsLink-click-metrics\', \'click\', { ""allowLinkDefault"" : true },  function(event){\nif(window.ue) {\nue.count(""acrStarsLinkWithPopoverClickCount"", (ue.count(""acrStarsLinkWithPopoverClickCount"") || 0) + 1);\n}\n});\n}); 4.3 out of 5 stars'}, {'info': 'Best Sellers Rank', 'value': '#355 in Over-Ear Headphones'}, {'info': 'Is Discontinued By Manufacturer', 'value': 'No'}, {'info': 'Date First Available', 'value': 'January 22, 2021'}, {'info': 'Manufacturer', 'value': 'OneOdio'}]",DIRONE,https://www.amazon.com/gp/help/seller/at-a-glance.html/ref=dp_merchant_link?ie=UTF8&seller=A3RJJJRIEAYNLE&isAmazonFulfilled=1,,,/Bluetooth-Headphones-Microphone-Compatible-Comfortable/product-reviews/B085M31H37/ref=cm_cr_dp_d_show_all_btm?ie=UTF8&reviewerType=all_reviews
45,,,,,,,,,
46,,,,,,,,,
47,,,,,,,,,
48,,,,,,,,,
49,,,,,,,,,
50,,,,,,,,,
51,,,,,,,,,
52,,,,,,,,,
53,,,,,,,,,
54,,,,,,,,,
55,OneOdio Bluetooth Headphones - Studio Over Ear Headphones with 50 Hours Playtime Wired and Wireless Professional Monitor Recording Headphones with Stereo Sound for Electric Drum Piano Guitar Amp,,,"[{'info': 'Package Dimensions', 'value': '6.65 x 5.59 x 4.09 inches'}, {'info': 'Item Weight', 'value': '1.01 pounds'}, {'info': 'Manufacturer', 'value': 'OneOdio'}, {'info': 'ASIN', 'value': 'B08TQJSJLP'}, {'info': 'Batteries', 'value': '1 Lithium Polymer batteries required. (included)'}, {'info': 'Customer Reviews', 'value': '/*\n* Fix for UDP-1061. Average customer reviews has a small extra line on hover\n* https://omni-grok.amazon.com/xref/src/appgroup/websiteTemplates/retail/SoftlinesDetailPageAssets/udp-intl-lock/src/legacy.css?indexName=WebsiteTemplates#40\n*/\n.noUnderline a:hover {\ntext-decoration: none;\n} 4.4 out of 5 stars 4,310 ratings P.when(\'A\', \'ready\').execute(function(A) {\nA.declarative(\'acrLink-click-metrics\', \'click\', { ""allowLinkDefault"" : true }, function(event){\nif(window.ue) {\nue.count(""acrLinkClickCount"", (ue.count(""acrLinkClickCount"") || 0) + 1);\n}\n});\n}); P.when(\'A\', \'cf\').execute(function(A) {\nA.declarative(\'acrStarsLink-click-metrics\', \'click\', { ""allowLinkDefault"" : true },  function(event){\nif(window.ue) {\nue.count(""acrStarsLinkWithPopoverClickCount"", (ue.count(""acrStarsLinkWithPopoverClickCount"") || 0) + 1);\n}\n});\n}); 4.4 out of 5 stars'}, {'info': 'Best Sellers Rank', 'value': '#2,029 in Over-Ear Headphones #5,275 in Earbud & In-Ear Headphones'}, {'info': 'Date First Available', 'value': 'January 22, 2021'}]",OneOdio Direct US,https://www.amazon.com/gp/help/seller/at-a-glance.html/ref=dp_merchant_link?ie=UTF8&seller=A3AR3HR83PX1V0&isAmazonFulfilled=1,,,/OneOdio-Bluetooth-Headphones-Professional-Recording/product-reviews/B08TQJSJLP/ref=cm_cr_dp_d_show_all_btm?ie=UTF8&reviewerType=all_reviews
56,,,,,,,,,/Bose-Corporation/product-reviews/B07978G5WP/ref=cm_cr_dp_d_show_all_btm?ie=UTF8&reviewerType=all_reviews
57,,,,,,,,,
58,,,,,,,,,
59,,,,,,,,,
60,,,,,,,,,
61,,,,,,,,,
62,,,,,,,,,
63,,,,,,,,,
64,,,,,,,,,
65,"Earbuds with Microphone, Vogek Earphones Noise Isolating, in-Ear Headphones with HiFi Stereo & Powerful Bass 3.5mm Interface Compatible with iPhone and Android Smartphones, iPad, iPod, MP3 Players",,,"[{'info': 'Product Dimensions', 'value': '3.9 x 2.8 x 0.7 inches'}, {'info': 'Item Weight', 'value': '0.88 ounces'}, {'info': 'Manufacturer', 'value': 'VOGEK'}, {'info': 'ASIN', 'value': 'B08L8R4VVL'}, {'info': 'Customer Reviews', 'value': '/*\n* Fix for UDP-1061. Average customer reviews has a small extra line on hover\n* https://omni-grok.amazon.com/xref/src/appgroup/websiteTemplates/retail/SoftlinesDetailPageAssets/udp-intl-lock/src/legacy.css?indexName=WebsiteTemplates#40\n*/\n.noUnderline a:hover {\ntext-decoration: none;\n} 3.9 out of 5 stars 4 ratings P.when(\'A\', \'ready\').execute(function(A) {\nA.declarative(\'acrLink-click-metrics\', \'click\', { ""allowLinkDefault"" : true }, function(event){\nif(window.ue) {\nue.count(""acrLinkClickCount"", (ue.count(""acrLinkClickCount"") || 0) + 1);\n}\n});\n}); P.when(\'A\', \'cf\').execute(function(A) {\nA.declarative(\'acrStarsLink-click-metrics\', \'click\', { ""allowLinkDefault"" : true },  function(event){\nif(window.ue) {\nue.count(""acrStarsLinkWithPopoverClickCount"", (ue.count(""acrStarsLinkWithPopoverClickCount"") || 0) + 1);\n}\n});\n}); 3.9 out of 5 stars'}, {'info': 'Best Sellers Rank', 'value': '#3,965 in Earbud & In-Ear Headphones'}, {'info': 'Date First Available', 'value': 'October 16, 2020'}]",,,,,/Microphone-Earphones-Headphones-Compatible-Smartphones/product-reviews/B08L8R4VVL/ref=cm_cr_dp_d_show_all_btm?ie=UTF8&reviewerType=all_reviews
66,"Bluetooth Headphones, OneOdio A11 Wireless Over Ear Headphones with Bass Up EQ Mode HiFi Stereo Sound CVC8.0 Microphone Headphones Compatible for Travel, Home Office Foldable Comfortable",,,"[{'info': 'Product Dimensions', 'value': '7.87 x 7.87 x 2.76 inches'}, {'info': 'Item Weight', 'value': '14.9 ounces'}, {'info': 'ASIN', 'value': 'B085M31H37'}, {'info': 'Item model number', 'value': 'A11'}, {'info': 'Customer Reviews', 'value': '/*\n* Fix for UDP-1061. Average customer reviews has a small extra line on hover\n* https://omni-grok.amazon.com/xref/src/appgroup/websiteTemplates/retail/SoftlinesDetailPageAssets/udp-intl-lock/src/legacy.css?indexName=WebsiteTemplates#40\n*/\n.noUnderline a:hover {\ntext-decoration: none;\n} 4.3 out of 5 stars 368 ratings P.when(\'A\', \'ready\').execute(function(A) {\nA.declarative(\'acrLink-click-metrics\', \'click\', { ""allowLinkDefault"" : true }, function(event){\nif(window.ue) {\nue.count(""acrLinkClickCount"", (ue.count(""acrLinkClickCount"") || 0) + 1);\n}\n});\n}); P.when(\'A\', \'cf\').execute(function(A) {\nA.declarative(\'acrStarsLink-click-metrics\', \'click\', { ""allowLinkDefault"" : true },  function(event){\nif(window.ue) {\nue.count(""acrStarsLinkWithPopoverClickCount"", (ue.count(""acrStarsLinkWithPopoverClickCount"") || 0) + 1);\n}\n});\n}); 4.3 out of 5 stars'}, {'info': 'Best Sellers Rank', 'value': '#355 in Over-Ear Headphones'}, {'info': 'Is Discontinued By Manufacturer', 'value': 'No'}, {'info': 'Date First Available', 'value': 'January 22, 2021'}, {'info': 'Manufacturer', 'value': 'OneOdio'}]",DIRONE,https://www.amazon.com/gp/help/seller/at-a-glance.html/ref=dp_merchant_link?ie=UTF8&seller=A3RJJJRIEAYNLE&isAmazonFulfilled=1,,,/Bluetooth-Headphones-Microphone-Compatible-Comfortable/product-reviews/B085M31H37/ref=cm_cr_dp_d_show_all_btm?ie=UTF8&reviewerType=all_reviews
67,,,,,,,,,
68,,,,,,,,,
69,,,,,,,,,
70,,,,,,,,,
71,"225 TWS Auriculares intraaurales realmente inalámbricos, con Bluetooth, Sonido Pure Bass y modo Dual Connect, hasta 25 hrs de música con estuche de carga, negro-Azul",,,"[{'info': 'Product Dimensions', 'value': '1.73 x 3.94 x 6.3 inches'}, {'info': 'Item Weight', 'value': '2.01 ounces'}, {'info': 'ASIN', 'value': 'B08CNMCJ2P'}, {'info': 'Item model number', 'value': 'CA08626'}, {'info': 'Batteries', 'value': '1 Lithium Polymer batteries required.'}, {'info': 'Date First Available', 'value': 'May 27, 2021'}, {'info': 'Manufacturer', 'value': 'Chebran'}]",,,,,
72,,,,,,,,,
73,,,,,,,,,
74,,,,,,,,,
75,,,,,,,,,
76,,,,,,,,,
77,,,,,,,,,
78,,,,,,,,,
79,,,,,,,,,
80,,,,,,,,,
81,,,,,,,,,
82,,,,,,,,,
83,,,,,,,,,
84,,,,,,,,,
85,JBL E45BT On-Ear Wireless Headphones (White),,,"[{'info': 'Product Dimensions', 'value': '3.43 x 8.54 x 7.36 inches'}, {'info': 'Item Weight', 'value': '7.2 ounces'}, {'info': 'ASIN', 'value': 'B01NAG28LS'}, {'info': 'Item model number', 'value': 'JBLE45BTWHT'}, {'info': 'Batteries', 'value': '2 Lithium Polymer batteries required.'}, {'info': 'Customer Reviews', 'value': '/*\n* Fix for UDP-1061. Average customer reviews has a small extra line on hover\n* https://omni-grok.amazon.com/xref/src/appgroup/websiteTemplates/retail/SoftlinesDetailPageAssets/udp-intl-lock/src/legacy.css?indexName=WebsiteTemplates#40\n*/\n.noUnderline a:hover {\ntext-decoration: none;\n} 4.5 out of 5 stars 299 ratings P.when(\'A\', \'ready\').execute(function(A) {\nA.declarative(\'acrLink-click-metrics\', \'click\', { ""allowLinkDefault"" : true }, function(event){\nif(window.ue) {\nue.count(""acrLinkClickCount"", (ue.count(""acrLinkClickCount"") || 0) + 1);\n}\n});\n}); P.when(\'A\', \'cf\').execute(function(A) {\nA.declarative(\'acrStarsLink-click-metrics\', \'click\', { ""allowLinkDefault"" : true },  function(event){\nif(window.ue) {\nue.count(""acrStarsLinkWithPopoverClickCount"", (ue.count(""acrStarsLinkWithPopoverClickCount"") || 0) + 1);\n}\n});\n}); 4.5 out of 5 stars'}, {'info': 'Best Sellers Rank', 'value': '#3,126 in Over-Ear Headphones #8,427 in Earbud & In-Ear Headphones'}, {'info': 'Is Discontinued By Manufacturer', 'value': 'No'}, {'info': 'Date First Available', 'value': 'February 24, 2017'}, {'info': 'Manufacturer', 'value': 'JBL (Harman Kardon)'}, {'info': 'Language', 'value': 'English'}]",,,,,/JBL-E45BT-Wireless-Headphones-White/product-reviews/B01NAG28LS/ref=cm_cr_dp_d_show_all_btm?ie=UTF8&reviewerType=all_reviews
86,,,,,,,,,
87,,,,,,,,,
88,,,,,,,,,
89,,,,,,,,,
90,,,,,,,,,
91,,,,,,,,,
92,,,,,,,,,
93,,,,,,,,,
94,,,,,,,,,
95,,,,,,,,,
96,,,,,,,,,
97,,,,,,,,,
98,,,,,,,,,
99,,,,,,,,,
100,JBL Tune 110BT Bluetooth Headset,,,"[{'info': 'Product Dimensions', 'value': '3.94 x 1.38 x 6.3 inches'}, {'info': 'Item Weight', 'value': '0.57 ounces'}, {'info': 'ASIN', 'value': 'B075KPNDC8'}, {'info': 'Item model number', 'value': 'JBLT110BTBLK'}, {'info': 'Batteries', 'value': '1 Lithium Metal batteries required. (included)'}, {'info': 'Customer Reviews', 'value': '/*\n* Fix for UDP-1061. Average customer reviews has a small extra line on hover\n* https://omni-grok.amazon.com/xref/src/appgroup/websiteTemplates/retail/SoftlinesDetailPageAssets/udp-intl-lock/src/legacy.css?indexName=WebsiteTemplates#40\n*/\n.noUnderline a:hover {\ntext-decoration: none;\n} 4.1 out of 5 stars 8,385 ratings P.when(\'A\', \'ready\').execute(function(A) {\nA.declarative(\'acrLink-click-metrics\', \'click\', { ""allowLinkDefault"" : true }, function(event){\nif(window.ue) {\nue.count(""acrLinkClickCount"", (ue.count(""acrLinkClickCount"") || 0) + 1);\n}\n});\n}); P.when(\'A\', \'cf\').execute(function(A) {\nA.declarative(\'acrStarsLink-click-metrics\', \'click\', { ""allowLinkDefault"" : true },  function(event){\nif(window.ue) {\nue.count(""acrStarsLinkWithPopoverClickCount"", (ue.count(""acrStarsLinkWithPopoverClickCount"") || 0) + 1);\n}\n});\n}); 4.1 out of 5 stars'}, {'info': 'Is Discontinued By Manufacturer', 'value': 'No'}, {'info': 'Date First Available', 'value': 'July 2, 2018'}, {'info': 'Manufacturer', 'value': 'JBL'}]",,,,,
101,"ULIX Rider Earphones in-Ear Headphones with Mic, 3 Years Warranty, with Anti-Tangle, Braided Cable, Microphone, Super Resistant, 48 Ω Driver, Intense Bass, Earbuds for Samsung, Computer, Laptop",,,"[{'info': 'Package Dimensions', 'value': '5.28 x 3.98 x 0.63 inches'}, {'info': 'Item Weight', 'value': '1.76 ounces'}, {'info': 'ASIN', 'value': 'B092MKW5CR'}, {'info': 'Item model number', 'value': 'RIDER'}, {'info': 'Customer Reviews', 'value': '/*\n* Fix for UDP-1061. Average customer reviews has a small extra line on hover\n* https://omni-grok.amazon.com/xref/src/appgroup/websiteTemplates/retail/SoftlinesDetailPageAssets/udp-intl-lock/src/legacy.css?indexName=WebsiteTemplates#40\n*/\n.noUnderline a:hover {\ntext-decoration: none;\n} 4.8 out of 5 stars 255 ratings P.when(\'A\', \'ready\').execute(function(A) {\nA.declarative(\'acrLink-click-metrics\', \'click\', { ""allowLinkDefault"" : true }, function(event){\nif(window.ue) {\nue.count(""acrLinkClickCount"", (ue.count(""acrLinkClickCount"") || 0) + 1);\n}\n});\n}); P.when(\'A\', \'cf\').execute(function(A) {\nA.declarative(\'acrStarsLink-click-metrics\', \'click\', { ""allowLinkDefault"" : true },  function(event){\nif(window.ue) {\nue.count(""acrStarsLinkWithPopoverClickCount"", (ue.count(""acrStarsLinkWithPopoverClickCount"") || 0) + 1);\n}\n});\n}); 4.8 out of 5 stars'}, {'info': 'Best Sellers Rank', 'value': '#182 in Earbud & In-Ear Headphones'}, {'info': 'Date First Available', 'value': 'April 16, 2021'}, {'info': 'Manufacturer', 'value': 'ULIX'}]",AUDIO FORMULA USA,https://www.amazon.com/gp/help/seller/at-a-glance.html/ref=dp_merchant_link?ie=UTF8&seller=A2KDHKBXK17AW9&isAmazonFulfilled=1,,,/Earphones-Headphones-Anti-Tangle-Microphone-Resistant/product-reviews/B092MKW5CR/ref=cm_cr_dp_d_show_all_btm?ie=UTF8&reviewerType=all_reviews
102,,,,,,,,,
103,"Free 2 Bluetooth Kopfhörer Kabellos in Ear, Qualcomm QCC3040 Chipsatz Bluetooth 5.2, AptX Tiefbass, 4 Mics CVC 8.0 Geräuschreduzierung, Niedrige Latenzzeit, 30 Std. Spielzeit, IPX7 Wasserdicht",,,"[{'info': 'Package Dimensions', 'value': '5.75 x 4.25 x 1.93 inches'}, {'info': 'Item Weight', 'value': '7.4 ounces'}, {'info': 'ASIN', 'value': 'B08ZCYL6YD'}, {'info': 'Batteries', 'value': '3 Lithium ion batteries required. (included)'}, {'info': 'Date First Available', 'value': 'June 28, 2021'}, {'info': 'Manufacturer', 'value': 'UQQU'}]",,,,,
104,"Noise Cancelling Earbuds Odec True Wireless Earbuds Active Noise Cancellation ANC in-Ear Headphones with Gaming Mode, 35-Hour Playtime, Hi-Fi Stereo Sound IPX8 Waterproof (None ANC)",,,"[{'info': 'Product Dimensions', 'value': '2.44 x 2.01 x 0.98 inches'}, {'info': 'Item Weight', 'value': '1.4 ounces'}, {'info': 'ASIN', 'value': 'B08LKNPFYH'}, {'info': 'Item model number', 'value': 'OD-E2'}, {'info': 'Batteries', 'value': '2 Lithium Polymer batteries required.'}, {'info': 'Customer Reviews', 'value': '/*\n* Fix for UDP-1061. Average customer reviews has a small extra line on hover\n* https://omni-grok.amazon.com/xref/src/appgroup/websiteTemplates/retail/SoftlinesDetailPageAssets/udp-intl-lock/src/legacy.css?indexName=WebsiteTemplates#40\n*/\n.noUnderline a:hover {\ntext-decoration: none;\n} 3.6 out of 5 stars 52 ratings P.when(\'A\', \'ready\').execute(function(A) {\nA.declarative(\'acrLink-click-metrics\', \'click\', { ""allowLinkDefault"" : true }, function(event){\nif(window.ue) {\nue.count(""acrLinkClickCount"", (ue.count(""acrLinkClickCount"") || 0) + 1);\n}\n});\n}); P.when(\'A\', \'cf\').execute(function(A) {\nA.declarative(\'acrStarsLink-click-metrics\', \'click\', { ""allowLinkDefault"" : true },  function(event){\nif(window.ue) {\nue.count(""acrStarsLinkWithPopoverClickCount"", (ue.count(""acrStarsLinkWithPopoverClickCount"") || 0) + 1);\n}\n});\n}); 3.6 out of 5 stars'}, {'info': 'Date First Available', 'value': 'November 25, 2020'}, {'info': 'Manufacturer', 'value': 'ODEC'}]",,,,,/Cancelling-Wireless-Cancellation-Headphones-Waterproof/product-reviews/B08LKNPFYH/ref=cm_cr_dp_d_show_all_btm?ie=UTF8&reviewerType=all_reviews
105,,,,,,,,,
106,,,,,,,,,
107,,,,,,,,,
108,,,,,,,,,
109,,,,,,,,,
110,"LUDOS Clamor Wired Earbuds in Ear Headphones with Microphone, Earphones with Mic and Volume Control, Memory Foam, Reinforced Cable, Bass Compatible with iPhone, Apple, iPad, Computer, Laptop, PC",,,,AUDIO FORMULA USA,https://www.amazon.com/gp/help/seller/at-a-glance.html/ref=dp_merchant_link?ie=UTF8&seller=A2KDHKBXK17AW9&isAmazonFulfilled=1,,,/Headphones-Microphone-Generation-Reinforced-Compatible/product-reviews/B074M7FJDW?reviewerType=all_reviews
111,,,,,,,,,
112,,,,,,,,,
113,"Bluetooth Headphones True Wireless Earbuds, TWS Waterproof 5.0 Earphones with Wireless Charging Case Touch Control Binaural HiFi Stereo Headset Mic Pumping Bass Earpiece Noise Canceling for Sports",,,"[{'info': 'Package Dimensions', 'value': '4.6 x 3.6 x 1 inches'}, {'info': 'Item Weight', 'value': '0.106 ounces'}, {'info': 'ASIN', 'value': 'B098LQ3L3Y'}, {'info': 'Customer Reviews', 'value': '/*\n* Fix for UDP-1061. Average customer reviews has a small extra line on hover\n* https://omni-grok.amazon.com/xref/src/appgroup/websiteTemplates/retail/SoftlinesDetailPageAssets/udp-intl-lock/src/legacy.css?indexName=WebsiteTemplates#40\n*/\n.noUnderline a:hover {\ntext-decoration: none;\n} 5.0 out of 5 stars 315 ratings P.when(\'A\', \'ready\').execute(function(A) {\nA.declarative(\'acrLink-click-metrics\', \'click\', { ""allowLinkDefault"" : true }, function(event){\nif(window.ue) {\nue.count(""acrLinkClickCount"", (ue.count(""acrLinkClickCount"") || 0) + 1);\n}\n});\n}); P.when(\'A\', \'cf\').execute(function(A) {\nA.declarative(\'acrStarsLink-click-metrics\', \'click\', { ""allowLinkDefault"" : true },  function(event){\nif(window.ue) {\nue.count(""acrStarsLinkWithPopoverClickCount"", (ue.count(""acrStarsLinkWithPopoverClickCount"") || 0) + 1);\n}\n});\n}); 5.0 out of 5 stars'}, {'info': 'Best Sellers Rank', 'value': '#9,124 in Audio Headphones'}, {'info': 'Date First Available', 'value': 'January 5, 2021'}, {'info': 'Manufacturer', 'value': 'LeeRay'}]",YYYing,https://www.amazon.com/gp/help/seller/at-a-glance.html/ref=dp_merchant_link?ie=UTF8&seller=A1F8Z29A03NVSV&isAmazonFulfilled=1,,,/Bluetooth-Headphones-Waterproof-Earphones-Canceling/product-reviews/B098LQ3L3Y/ref=cm_cr_dp_d_show_all_btm?ie=UTF8&reviewerType=all_reviews
114,"Bluetooth Headphones, OneOdio A11 Wireless Over Ear Headphones with Bass Up EQ Mode HiFi Stereo Sound CVC8.0 Microphone Headphones Compatible for Travel, Home Office Foldable Comfortable",,,"[{'info': 'Product Dimensions', 'value': '7.87 x 7.87 x 2.76 inches'}, {'info': 'Item Weight', 'value': '14.9 ounces'}, {'info': 'ASIN', 'value': 'B085M31H37'}, {'info': 'Item model number', 'value': 'A11'}, {'info': 'Customer Reviews', 'value': '/*\n* Fix for UDP-1061. Average customer reviews has a small extra line on hover\n* https://omni-grok.amazon.com/xref/src/appgroup/websiteTemplates/retail/SoftlinesDetailPageAssets/udp-intl-lock/src/legacy.css?indexName=WebsiteTemplates#40\n*/\n.noUnderline a:hover {\ntext-decoration: none;\n} 4.3 out of 5 stars 368 ratings P.when(\'A\', \'ready\').execute(function(A) {\nA.declarative(\'acrLink-click-metrics\', \'click\', { ""allowLinkDefault"" : true }, function(event){\nif(window.ue) {\nue.count(""acrLinkClickCount"", (ue.count(""acrLinkClickCount"") || 0) + 1);\n}\n});\n}); P.when(\'A\', \'cf\').execute(function(A) {\nA.declarative(\'acrStarsLink-click-metrics\', \'click\', { ""allowLinkDefault"" : true },  function(event){\nif(window.ue) {\nue.count(""acrStarsLinkWithPopoverClickCount"", (ue.count(""acrStarsLinkWithPopoverClickCount"") || 0) + 1);\n}\n});\n}); 4.3 out of 5 stars'}, {'info': 'Best Sellers Rank', 'value': '#355 in Over-Ear Headphones'}, {'info': 'Is Discontinued By Manufacturer', 'value': 'No'}, {'info': 'Date First Available', 'value': 'January 22, 2021'}, {'info': 'Manufacturer', 'value': 'OneOdio'}]",DIRONE,https://www.amazon.com/gp/help/seller/at-a-glance.html/ref=dp_merchant_link?ie=UTF8&seller=A3RJJJRIEAYNLE&isAmazonFulfilled=1,,,/Bluetooth-Headphones-Microphone-Compatible-Comfortable/product-reviews/B085M31H37/ref=cm_cr_dp_d_show_all_btm?ie=UTF8&reviewerType=all_reviews
115,,,,,,,,,
116,,,,,,,,,
117,,,,,,,,,
118,"Full Size 4/4 Vintage Solid Wood Metallic Electronic Violin, Electric/Silent Mahogany Violin with Carrying Case, Rosin, Audio Cable, Earphone, Musical Instrument Gift for Friends",,,"[{'info': 'Product Dimensions', 'value': '23.62 x 8.27 x 1.97 inches'}, {'info': 'Item Weight', 'value': '4.86 pounds'}, {'info': 'Manufacturer', 'value': 'Ciglow'}, {'info': 'ASIN', 'value': 'B07VXDQ685'}, {'info': 'Date First Available', 'value': 'July 31, 2019'}]",,,,,
119,,,,,,,,,
120,,,,,,,,,
121,,,,,,,,,
122,,,,,,,,,
123,,,,,,,,,
124,,,,,,,,,
125,"Bose QuietComfort 35 II Wireless Bluetooth Headphones, Noise-Cancelling, with Alexa Voice Control - Black",,,"[{'info': 'Product Dimensions', 'value': '3.2 x 6.7 x 7.1 inches'}, {'info': 'Item Weight', 'value': '8.3 ounces'}, {'info': 'ASIN', 'value': 'B0756CYWWD'}, {'info': 'Item model number', 'value': '789564-0010'}, {'info': 'Batteries', 'value': '1 LR44 batteries required. (included)'}, {'info': 'Customer Reviews', 'value': '/*\n* Fix for UDP-1061. Average customer reviews has a small extra line on hover\n* https://omni-grok.amazon.com/xref/src/appgroup/websiteTemplates/retail/SoftlinesDetailPageAssets/udp-intl-lock/src/legacy.css?indexName=WebsiteTemplates#40\n*/\n.noUnderline a:hover {\ntext-decoration: none;\n} 4.7 out of 5 stars 50,056 ratings P.when(\'A\', \'ready\').execute(function(A) {\nA.declarative(\'acrLink-click-metrics\', \'click\', { ""allowLinkDefault"" : true }, function(event){\nif(window.ue) {\nue.count(""acrLinkClickCount"", (ue.count(""acrLinkClickCount"") || 0) + 1);\n}\n});\n}); P.when(\'A\', \'cf\').execute(function(A) {\nA.declarative(\'acrStarsLink-click-metrics\', \'click\', { ""allowLinkDefault"" : true },  function(event){\nif(window.ue) {\nue.count(""acrStarsLinkWithPopoverClickCount"", (ue.count(""acrStarsLinkWithPopoverClickCount"") || 0) + 1);\n}\n});\n}); 4.7 out of 5 stars'}, {'info': 'Best Sellers Rank', 'value': '#9 in Over-Ear Headphones'}, {'info': 'Is Discontinued By Manufacturer', 'value': 'No'}, {'info': 'Date First Available', 'value': 'October 13, 2017'}, {'info': 'Department', 'value': 'Unisex-adult'}, {'info': 'Manufacturer', 'value': 'Bose Corporation'}]",,,,,/Bose-QuietComfort-Wireless-Headphones-Cancelling/product-reviews/B0756CYWWD/ref=cm_cr_dp_d_show_all_btm?ie=UTF8&reviewerType=all_reviews
126,,,,,,,,,
127,HolyHigh Wireless Earbuds Bluetooth 5.0 Active Noise Cancelling Earphones IPX5 Waterproof ANC in-Ear Earbuds with 4 Built-in Mics Long Playtime Deep Bass for Music and Clear Calls,,,,HolyHigh US,https://www.amazon.com/gp/help/seller/at-a-glance.html/ref=dp_merchant_link?ie=UTF8&seller=A18V89GDS4AS25&isAmazonFulfilled=1,,,/HolyHigh-Bluetooth-Cancelling-Earphones-Waterproof/product-reviews/B08Y8ZG5V9?reviewerType=all_reviews
128,,,,,,,,,
129,,,,,,,,,
130,,,,,,,,,
131,"Earbuds with Microphone, Vogek Earphones Noise Isolating, in-Ear Headphones with HiFi Stereo & Powerful Bass 3.5mm Interface Compatible with iPhone and Android Smartphones, iPad, iPod, MP3 Players",,,"[{'info': 'Product Dimensions', 'value': '3.9 x 2.8 x 0.7 inches'}, {'info': 'Item Weight', 'value': '0.88 ounces'}, {'info': 'Manufacturer', 'value': 'VOGEK'}, {'info': 'ASIN', 'value': 'B08L8R4VVL'}, {'info': 'Customer Reviews', 'value': '/*\n* Fix for UDP-1061. Average customer reviews has a small extra line on hover\n* https://omni-grok.amazon.com/xref/src/appgroup/websiteTemplates/retail/SoftlinesDetailPageAssets/udp-intl-lock/src/legacy.css?indexName=WebsiteTemplates#40\n*/\n.noUnderline a:hover {\ntext-decoration: none;\n} 3.9 out of 5 stars 4 ratings P.when(\'A\', \'ready\').execute(function(A) {\nA.declarative(\'acrLink-click-metrics\', \'click\', { ""allowLinkDefault"" : true }, function(event){\nif(window.ue) {\nue.count(""acrLinkClickCount"", (ue.count(""acrLinkClickCount"") || 0) + 1);\n}\n});\n}); P.when(\'A\', \'cf\').execute(function(A) {\nA.declarative(\'acrStarsLink-click-metrics\', \'click\', { ""allowLinkDefault"" : true },  function(event){\nif(window.ue) {\nue.count(""acrStarsLinkWithPopoverClickCount"", (ue.count(""acrStarsLinkWithPopoverClickCount"") || 0) + 1);\n}\n});\n}); 3.9 out of 5 stars'}, {'info': 'Best Sellers Rank', 'value': '#3,965 in Earbud & In-Ear Headphones'}, {'info': 'Date First Available', 'value': 'October 16, 2020'}]",,,,,/Microphone-Earphones-Headphones-Compatible-Smartphones/product-reviews/B08L8R4VVL/ref=cm_cr_dp_d_show_all_btm?ie=UTF8&reviewerType=all_reviews
132,,,,,,,,,
133,,,,,,,,,
134,"Wireless Earbuds, Bluetooth 5.0 Headphones IPX8 Waterproof 150H Playtime, 3500 mAh Charging Case Wireless Earphones in Ear Noise Cancelling Earbuds with Mic, Deep Bass Touch Control Headset for Sports",,,"[{'info': 'Product Dimensions', 'value': '1.18 x 1.18 x 0.79 inches'}, {'info': 'Item Weight', 'value': '0.141 ounces'}, {'info': 'ASIN', 'value': 'B08X1YCYFF'}, {'info': 'Item model number', 'value': 'Touch Two C5'}, {'info': 'Batteries', 'value': '2 Lithium ion batteries required. (included)'}, {'info': 'Best Sellers Rank', 'value': '#2,552 in Earbud & In-Ear Headphones'}, {'info': 'Is Discontinued By Manufacturer', 'value': 'No'}, {'info': 'Date First Available', 'value': 'June 21, 2021'}, {'info': 'Manufacturer', 'value': 'lecover'}]",Lecover-US,https://www.amazon.com/gp/help/seller/at-a-glance.html/ref=dp_merchant_link?ie=UTF8&seller=A1PX36C895H2X1&isAmazonFulfilled=1,,,
135,"Sony Noise Cancelling Wireless Headphones with 35 Hours Battery Life, Quick Charge, Built-in Mic and Voice Assistant - Black",,,"[{'info': 'Product Dimensions', 'value': '9.09 x 8.74 x 2.64 inches'}, {'info': 'Item Weight', 'value': '7.9 ounces'}, {'info': 'ASIN', 'value': 'B086LLYK4S'}, {'info': 'Item model number', 'value': 'WHCH710NB.CE7'}, {'info': 'Batteries', 'value': '1 Lithium ion batteries required. (included)'}, {'info': 'Best Sellers Rank', 'value': '#713 in Over-Ear Headphones'}, {'info': 'Is Discontinued By Manufacturer', 'value': 'No'}, {'info': 'Date First Available', 'value': 'May 23, 2021'}, {'info': 'Manufacturer', 'value': 'Sony'}]",Intro Gallery,https://www.amazon.com/gp/help/seller/at-a-glance.html/ref=dp_merchant_link?ie=UTF8&seller=ALOKQ51O346LZ&isAmazonFulfilled=1,,,
136,"Bluetooth Headphones, OneOdio A11 Wireless Over Ear Headphones with Bass Up EQ Mode HiFi Stereo Sound CVC8.0 Microphone Headphones Compatible for Travel, Home Office Foldable Comfortable",,,"[{'info': 'Product Dimensions', 'value': '7.87 x 7.87 x 2.76 inches'}, {'info': 'Item Weight', 'value': '14.9 ounces'}, {'info': 'ASIN', 'value': 'B085M31H37'}, {'info': 'Item model number', 'value': 'A11'}, {'info': 'Customer Reviews', 'value': '/*\n* Fix for UDP-1061. Average customer reviews has a small extra line on hover\n* https://omni-grok.amazon.com/xref/src/appgroup/websiteTemplates/retail/SoftlinesDetailPageAssets/udp-intl-lock/src/legacy.css?indexName=WebsiteTemplates#40\n*/\n.noUnderline a:hover {\ntext-decoration: none;\n} 4.3 out of 5 stars 368 ratings P.when(\'A\', \'ready\').execute(function(A) {\nA.declarative(\'acrLink-click-metrics\', \'click\', { ""allowLinkDefault"" : true }, function(event){\nif(window.ue) {\nue.count(""acrLinkClickCount"", (ue.count(""acrLinkClickCount"") || 0) + 1);\n}\n});\n}); P.when(\'A\', \'cf\').execute(function(A) {\nA.declarative(\'acrStarsLink-click-metrics\', \'click\', { ""allowLinkDefault"" : true },  function(event){\nif(window.ue) {\nue.count(""acrStarsLinkWithPopoverClickCount"", (ue.count(""acrStarsLinkWithPopoverClickCount"") || 0) + 1);\n}\n});\n}); 4.3 out of 5 stars'}, {'info': 'Best Sellers Rank', 'value': '#355 in Over-Ear Headphones'}, {'info': 'Is Discontinued By Manufacturer', 'value': 'No'}, {'info': 'Date First Available', 'value': 'January 22, 2021'}, {'info': 'Manufacturer', 'value': 'OneOdio'}]",DIRONE,https://www.amazon.com/gp/help/seller/at-a-glance.html/ref=dp_merchant_link?ie=UTF8&seller=A3RJJJRIEAYNLE&isAmazonFulfilled=1,,,/Bluetooth-Headphones-Microphone-Compatible-Comfortable/product-reviews/B085M31H37/ref=cm_cr_dp_d_show_all_btm?ie=UTF8&reviewerType=all_reviews
137,,,,,,,,,
138,,,,,,,,,
139,,,,,,,,,
140,,,,,,,,,
141,,,,,,,,,
142,,,,,,,,,
143,,,,,,,,,
144,,,,,,,,,
145,HolyHigh Wireless Earbuds Bluetooth 5.0 Active Noise Cancelling Earphones IPX5 Waterproof ANC in-Ear Earbuds with 4 Built-in Mics Long Playtime Deep Bass for Music and Clear Calls,,,"[{'info': 'Product Dimensions', 'value': '2.56 x 1.97 x 0.98 inches'}, {'info': 'Item Weight', 'value': '1.45 ounces'}, {'info': 'ASIN', 'value': 'B08Y8ZG5V9'}, {'info': 'Item model number', 'value': 'AEA05'}, {'info': 'Batteries', 'value': '1 Lithium Metal batteries required. (included)'}, {'info': 'Customer Reviews', 'value': '/*\n* Fix for UDP-1061. Average customer reviews has a small extra line on hover\n* https://omni-grok.amazon.com/xref/src/appgroup/websiteTemplates/retail/SoftlinesDetailPageAssets/udp-intl-lock/src/legacy.css?indexName=WebsiteTemplates#40\n*/\n.noUnderline a:hover {\ntext-decoration: none;\n} 4.3 out of 5 stars 5,871 ratings P.when(\'A\', \'ready\').execute(function(A) {\nA.declarative(\'acrLink-click-metrics\', \'click\', { ""allowLinkDefault"" : true }, function(event){\nif(window.ue) {\nue.count(""acrLinkClickCount"", (ue.count(""acrLinkClickCount"") || 0) + 1);\n}\n});\n}); P.when(\'A\', \'cf\').execute(function(A) {\nA.declarative(\'acrStarsLink-click-metrics\', \'click\', { ""allowLinkDefault"" : true },  function(event){\nif(window.ue) {\nue.count(""acrStarsLinkWithPopoverClickCount"", (ue.count(""acrStarsLinkWithPopoverClickCount"") || 0) + 1);\n}\n});\n}); 4.3 out of 5 stars'}, {'info': 'Best Sellers Rank', 'value': '#122 in Earbud & In-Ear Headphones'}, {'info': 'Is Discontinued By Manufacturer', 'value': 'No'}, {'info': 'Date First Available', 'value': 'March 9, 2021'}, {'info': 'Manufacturer', 'value': 'HolyHigh'}]",HolyHigh US,https://www.amazon.com/gp/help/seller/at-a-glance.html/ref=dp_merchant_link?ie=UTF8&seller=A18V89GDS4AS25&isAmazonFulfilled=1,,,/HolyHigh-Bluetooth-Cancelling-Earphones-Waterproof/product-reviews/B08Y8ZG5V9/ref=cm_cr_dp_d_show_all_btm?ie=UTF8&reviewerType=all_reviews
146,,,,,,,,,
147,,,,,,,,,
148,,,,,,,,,
149,,,,,,,,,
150,,,,,,,,,
151,,,,,,,,,
152,,,,,,,,,
153,,,,,,,,,
154,,,,,,,,,
155,,,,,,,,,
156,,,,,,,,,
157,"Sony Noise Cancelling Wireless Headphones with 35 Hours Battery Life, Quick Charge, Built-in Mic and Voice Assistant - Black",,,"[{'info': 'Product Dimensions', 'value': '9.09 x 8.74 x 2.64 inches'}, {'info': 'Item Weight', 'value': '7.9 ounces'}, {'info': 'ASIN', 'value': 'B086LLYK4S'}, {'info': 'Item model number', 'value': 'WHCH710NB.CE7'}, {'info': 'Batteries', 'value': '1 Lithium ion batteries required. (included)'}, {'info': 'Best Sellers Rank', 'value': '#713 in Over-Ear Headphones'}, {'info': 'Is Discontinued By Manufacturer', 'value': 'No'}, {'info': 'Date First Available', 'value': 'May 23, 2021'}, {'info': 'Manufacturer', 'value': 'Sony'}]",Intro Gallery,https://www.amazon.com/gp/help/seller/at-a-glance.html/ref=dp_merchant_link?ie=UTF8&seller=ALOKQ51O346LZ&isAmazonFulfilled=1,,,
158,,,,,,,,,
159,"Pink Stereo Gaming Headset with Mic for PS4, PS5, Xbox One, PC, Mobile, Switch, 3.5mm Jack Noise Cancelling Gamer Headphones Lightweight Over Ear Headphones",,"[{'info': 'Brand', 'value': '\u200eSADES'}, {'info': 'Hardware Platform', 'value': '\u200eGaming Console, Xbox one, Mac'}, {'info': 'Item Weight', 'value': '\u200e10.6 ounces'}, {'info': 'Package Dimensions', 'value': '\u200e7.95 x 7.83 x 3.43 inches'}, {'info': 'Color', 'value': '\u200eL5'}, {'info': 'Manufacturer', 'value': '\u200eSADES'}, {'info': 'ASIN', 'value': '\u200eB08MW3LWFD'}, {'info': 'Date First Available', 'value': '\u200eNovember 6, 2020'}]","[{'info': 'Customer Reviews', 'value': '/*\n* Fix for UDP-1061. Average customer reviews has a small extra line on hover\n* https://omni-grok.amazon.com/xref/src/appgroup/websiteTemplates/retail/SoftlinesDetailPageAssets/udp-intl-lock/src/legacy.css?indexName=WebsiteTemplates#40\n*/\n.noUnderline a:hover {\ntext-decoration: none;\n} 4.5 out of 5 stars 174 ratings P.when(\'A\', \'ready\').execute(function(A) {\nA.declarative(\'acrLink-click-metrics\', \'click\', { ""allowLinkDefault"" : true }, function(event){\nif(window.ue) {\nue.count(""acrLinkClickCount"", (ue.count(""acrLinkClickCount"") || 0) + 1);\n}\n});\n}); P.when(\'A\', \'cf\').execute(function(A) {\nA.declarative(\'acrStarsLink-click-metrics\', \'click\', { ""allowLinkDefault"" : true },  function(event){\nif(window.ue) {\nue.count(""acrStarsLinkWithPopoverClickCount"", (ue.count(""acrStarsLinkWithPopoverClickCount"") || 0) + 1);\n}\n});\n}); 4.5 out of 5 stars'}, {'info': 'Best Sellers Rank', 'value': '#4,698 in Video Games ( See Top 100 in Video Games ) #51 in Mac Game Headsets #657 in Xbox One Games, Consoles & Accessories'}]",S-SMART,https://www.amazon.com/gp/help/seller/at-a-glance.html/ref=dp_merchant_link?ie=UTF8&seller=A2QUJRWAYMSKK9&isAmazonFulfilled=1,,,/Stereo-Headset-Cancelling-Headphones-Lightweight/product-reviews/B08MW3LWFD/ref=cm_cr_dp_d_show_all_btm?ie=UTF8&reviewerType=all_reviews
160,,,,,,,,,
161,,,,,,,,,
162,,,,,,,,,
163,,,,,,,,,
164,,,,,,,,,
165,,,,,,,,,
166,,,,,,,,,
167,,,,,,,,,
168,,,,,,,,,
169,,,,,,,,,
170,,,,,,,,,
171,,,,,,,,,
172,,,,,,,,,
173,,,,,,,,,
174,,,,,,,,,
175,,,,,,,,,
176,,,,,,,,,
177,,,,,,,,,
178,,,,,,,,,
179,,,,,,,,,
180,,,,,,,,,
181,,,,,,,,,
182,,,,,,,,,/Soner-Kara-Traffic-Rider/product-reviews/B01AK9539S/ref=cm_cr_dp_d_show_all_btm?ie=UTF8&reviewerType=all_reviews
183,,,,,,,,,
184,"Arbily Wireless Earbuds in-Ear Bluetooth Headphones, F7 Wireless Earphones 140H Play Time Waterproof IPX7 Sport Earbuds for Workout Business Android",,,"[{'info': 'Product Dimensions', 'value': '3.11 x 1.97 x 1.22 inches'}, {'info': 'Item Weight', 'value': '0.176 ounces'}, {'info': 'ASIN', 'value': 'B07WZZHW66'}, {'info': 'Item model number', 'value': 'F7'}, {'info': 'Batteries', 'value': '1 Lithium Polymer batteries required.'}, {'info': 'Best Sellers Rank', 'value': '#16,107 in Earbud & In-Ear Headphones'}, {'info': 'Is Discontinued By Manufacturer', 'value': 'No'}, {'info': 'Date First Available', 'value': 'March 14, 2020'}, {'info': 'Manufacturer', 'value': 'Arbily'}]",,,,,
185,,,,,,,,,
186,,,,,,,,,
187,,,,,,,,,
188,,,,,,,,,
189,,,,,,,,,
190,,,,,,,,,
191,,,,,,,,,
192,,,,,,,,,
193,,,,,,,,,
194,,,,,,,,,
195,,,,,,,,,
196,,,,,,,,,
197,,,,,,,,,
198,,,,,,,,,
199,,,,,,,,,
200,,,,,,,,,
201,,,,,,,,,
202,,,,,,,,,
203,,,,,,,,,
204,"LEVEL 26: KOPFHÖRER LEVEL 26. Liniert, kariert und punktiertes Notizbuch-Tagebuch bzw. Übungsbuch mit 120 Seiten (German Edition)",,,,,,,,
205,,,,,,,,,
206,,,,,,,,,
207,,,,,,,,,
208,,,,,,,,,
209,,,,,,,,,
210,"Sony WF-1000XM3 Truly Wireless Noise Cancelling Headphones with Mic, up to 32 Hours Battery Life, Stable Bluetooth Connection, Wearing Detection with Alexa Built-in - Black",,,"[{'info': 'Product Dimensions', 'value': '1.38 x 0.79 x 0.79 inches'}, {'info': 'Item Weight', 'value': '3.32 ounces'}, {'info': 'ASIN', 'value': 'B07T2FGG2Z'}, {'info': 'Item model number', 'value': 'WF1000XM3B.CE7'}, {'info': 'Batteries', 'value': '2 Lithium Polymer batteries required.'}, {'info': 'Customer Reviews', 'value': '/*\n* Fix for UDP-1061. Average customer reviews has a small extra line on hover\n* https://omni-grok.amazon.com/xref/src/appgroup/websiteTemplates/retail/SoftlinesDetailPageAssets/udp-intl-lock/src/legacy.css?indexName=WebsiteTemplates#40\n*/\n.noUnderline a:hover {\ntext-decoration: none;\n} 4.2 out of 5 stars 9,202 ratings P.when(\'A\', \'ready\').execute(function(A) {\nA.declarative(\'acrLink-click-metrics\', \'click\', { ""allowLinkDefault"" : true }, function(event){\nif(window.ue) {\nue.count(""acrLinkClickCount"", (ue.count(""acrLinkClickCount"") || 0) + 1);\n}\n});\n}); P.when(\'A\', \'cf\').execute(function(A) {\nA.declarative(\'acrStarsLink-click-metrics\', \'click\', { ""allowLinkDefault"" : true },  function(event){\nif(window.ue) {\nue.count(""acrStarsLinkWithPopoverClickCount"", (ue.count(""acrStarsLinkWithPopoverClickCount"") || 0) + 1);\n}\n});\n}); 4.2 out of 5 stars'}, {'info': 'Best Sellers Rank', 'value': '#1,996 in Earbud & In-Ear Headphones'}, {'info': 'Is Discontinued By Manufacturer', 'value': 'No'}, {'info': 'Date First Available', 'value': 'January 27, 2020'}, {'info': 'Manufacturer', 'value': 'Sony'}]",The Tech Expert,https://www.amazon.com/gp/help/seller/at-a-glance.html/ref=dp_merchant_link?ie=UTF8&seller=A3K5J12ALWRHX5&isAmazonFulfilled=1,,,/Sony-Industry-Leading-Canceling-Wireless/product-reviews/B07T2FGG2Z/ref=cm_cr_dp_d_show_all_btm?ie=UTF8&reviewerType=all_reviews
211,,,,,,,,,
212,OneOdio Bluetooth Headphones - Studio Over Ear Headphones with 50 Hours Playtime Wired and Wireless Professional Monitor Recording Headphones with Stereo Sound for Electric Drum Piano Guitar Amp,,,"[{'info': 'Package Dimensions', 'value': '6.65 x 5.59 x 4.09 inches'}, {'info': 'Item Weight', 'value': '1.01 pounds'}, {'info': 'Manufacturer', 'value': 'OneOdio'}, {'info': 'ASIN', 'value': 'B08TQJSJLP'}, {'info': 'Batteries', 'value': '1 Lithium Polymer batteries required. (included)'}, {'info': 'Customer Reviews', 'value': '/*\n* Fix for UDP-1061. Average customer reviews has a small extra line on hover\n* https://omni-grok.amazon.com/xref/src/appgroup/websiteTemplates/retail/SoftlinesDetailPageAssets/udp-intl-lock/src/legacy.css?indexName=WebsiteTemplates#40\n*/\n.noUnderline a:hover {\ntext-decoration: none;\n} 4.4 out of 5 stars 4,310 ratings P.when(\'A\', \'ready\').execute(function(A) {\nA.declarative(\'acrLink-click-metrics\', \'click\', { ""allowLinkDefault"" : true }, function(event){\nif(window.ue) {\nue.count(""acrLinkClickCount"", (ue.count(""acrLinkClickCount"") || 0) + 1);\n}\n});\n}); P.when(\'A\', \'cf\').execute(function(A) {\nA.declarative(\'acrStarsLink-click-metrics\', \'click\', { ""allowLinkDefault"" : true },  function(event){\nif(window.ue) {\nue.count(""acrStarsLinkWithPopoverClickCount"", (ue.count(""acrStarsLinkWithPopoverClickCount"") || 0) + 1);\n}\n});\n}); 4.4 out of 5 stars'}, {'info': 'Best Sellers Rank', 'value': '#2,029 in Over-Ear Headphones #5,275 in Earbud & In-Ear Headphones'}, {'info': 'Date First Available', 'value': 'January 22, 2021'}]",OneOdio Direct US,https://www.amazon.com/gp/help/seller/at-a-glance.html/ref=dp_merchant_link?ie=UTF8&seller=A3AR3HR83PX1V0&isAmazonFulfilled=1,,,/OneOdio-Bluetooth-Headphones-Professional-Recording/product-reviews/B08TQJSJLP/ref=cm_cr_dp_d_show_all_btm?ie=UTF8&reviewerType=all_reviews
213,,,,,,,,,
214,,,,,,,,,
215,Baby BANZ Earmuffs Infant Hearing Protection â€“ Ages 0-2+ Years â€“ Industry Leading Noise Reduction Rating â€“ Soft & Comfortable â€“ Baby Ear Protection,,"[{'info': 'Product Dimensions', 'value': '\u200e7.9 x 7.9 x 7.9 inches'}, {'info': 'Item model number', 'value': '\u200eEM009'}, {'info': 'Is Discontinued By Manufacturer', 'value': '\u200eNo'}, {'info': 'Target gender', 'value': '\u200eUnisex'}, {'info': 'Material Type', 'value': '\u200ePlastic'}, {'info': 'Number Of Items', 'value': '\u200e1'}, {'info': 'Style', 'value': '\u200eInfant Hearing Protection Earmuff, 3+ Months'}, {'info': 'Best uses', 'value': '\u200eActive Noise Reduction'}, {'info': 'Batteries required', 'value': '\u200eNo'}, {'info': 'Dishwasher safe', 'value': '\u200eNo'}, {'info': 'Is portable', 'value': '\u200eNo'}, {'info': 'Item Weight', 'value': '\u200e6.7 ounces'}]","[{'info': 'ASIN', 'value': 'B007BEHSDU'}, {'info': 'Customer Reviews', 'value': '/*\n* Fix for UDP-1061. Average customer reviews has a small extra line on hover\n* https://omni-grok.amazon.com/xref/src/appgroup/websiteTemplates/retail/SoftlinesDetailPageAssets/udp-intl-lock/src/legacy.css?indexName=WebsiteTemplates#40\n*/\n.noUnderline a:hover {\ntext-decoration: none;\n} 4.7 out of 5 stars 8,750 ratings P.when(\'A\', \'ready\').execute(function(A) {\nA.declarative(\'acrLink-click-metrics\', \'click\', { ""allowLinkDefault"" : true }, function(event){\nif(window.ue) {\nue.count(""acrLinkClickCount"", (ue.count(""acrLinkClickCount"") || 0) + 1);\n}\n});\n}); P.when(\'A\', \'cf\').execute(function(A) {\nA.declarative(\'acrStarsLink-click-metrics\', \'click\', { ""allowLinkDefault"" : true },  function(event){\nif(window.ue) {\nue.count(""acrStarsLinkWithPopoverClickCount"", (ue.count(""acrStarsLinkWithPopoverClickCount"") || 0) + 1);\n}\n});\n}); 4.7 out of 5 stars'}, {'info': 'Best Sellers Rank', 'value': '#1,574 in Baby ( See Top 100 in Baby ) #4 in Baby Hearing Protection Earmuffs'}]",,,,,/Baby-Earmuffs-Infant-Hearing-Protection/product-reviews/B007BEHSDU/ref=cm_cr_dp_d_show_all_btm?ie=UTF8&reviewerType=all_reviews
216,,,,,,,,,
217,,,,,,,,,
218,,,,,,,,,
219,,,,,,,,,
220,,,,,,,,,
221,,,,,,,,,/FeniKsenia-Headphones-Booster-Bass/product-reviews/B07TJZ6V19/ref=cm_cr_dp_d_show_all_btm?ie=UTF8&reviewerType=all_reviews
222,,,,,,,,,
223,,,,,,,,,
224,,,,,,,,,
225,,,,,,,,,
226,,,,,,,,,
227,,,,,,,,,
228,,,,,,,,,
229,,,,,,,,,
230,,,,,,,,,
231,,,,,,,,,
232,,,,,,,,,
233,,,,,,,,,
234,,,,,,,,,
235,,,,,,,,,
236,,,,,,,,,
237,,,,,,,,,
238,,,,,,,,,
239,OneOdio Bluetooth Headphones - Studio Over Ear Headphones with 50 Hours Playtime Wired and Wireless Professional Monitor Recording Headphones with Stereo Sound for Electric Drum Piano Guitar Amp,,,"[{'info': 'Package Dimensions', 'value': '6.65 x 5.59 x 4.09 inches'}, {'info': 'Item Weight', 'value': '1.01 pounds'}, {'info': 'Manufacturer', 'value': 'OneOdio'}, {'info': 'ASIN', 'value': 'B08TQJSJLP'}, {'info': 'Batteries', 'value': '1 Lithium Polymer batteries required. (included)'}, {'info': 'Customer Reviews', 'value': '/*\n* Fix for UDP-1061. Average customer reviews has a small extra line on hover\n* https://omni-grok.amazon.com/xref/src/appgroup/websiteTemplates/retail/SoftlinesDetailPageAssets/udp-intl-lock/src/legacy.css?indexName=WebsiteTemplates#40\n*/\n.noUnderline a:hover {\ntext-decoration: none;\n} 4.4 out of 5 stars 4,310 ratings P.when(\'A\', \'ready\').execute(function(A) {\nA.declarative(\'acrLink-click-metrics\', \'click\', { ""allowLinkDefault"" : true }, function(event){\nif(window.ue) {\nue.count(""acrLinkClickCount"", (ue.count(""acrLinkClickCount"") || 0) + 1);\n}\n});\n}); P.when(\'A\', \'cf\').execute(function(A) {\nA.declarative(\'acrStarsLink-click-metrics\', \'click\', { ""allowLinkDefault"" : true },  function(event){\nif(window.ue) {\nue.count(""acrStarsLinkWithPopoverClickCount"", (ue.count(""acrStarsLinkWithPopoverClickCount"") || 0) + 1);\n}\n});\n}); 4.4 out of 5 stars'}, {'info': 'Best Sellers Rank', 'value': '#2,029 in Over-Ear Headphones #5,275 in Earbud & In-Ear Headphones'}, {'info': 'Date First Available', 'value': 'January 22, 2021'}]",OneOdio Direct US,https://www.amazon.com/gp/help/seller/at-a-glance.html/ref=dp_merchant_link?ie=UTF8&seller=A3AR3HR83PX1V0&isAmazonFulfilled=1,,,/OneOdio-Bluetooth-Headphones-Professional-Recording/product-reviews/B08TQJSJLP/ref=cm_cr_dp_d_show_all_btm?ie=UTF8&reviewerType=all_reviews
240,,,,,,,,,
241,,,,,,,,,
242,Trend Micro Titanium Antivirus + 2012 Software,,,,,,,,/Trend-Micro-Titanium-Antivirus-Software/product-reviews/B00722JBY0?reviewerType=all_reviews
243,,,,,,,,,
244,,,,,,,,,
245,,,,,,,,,
246,,,,,,,,,
247,,,,,,,,,
248,,,,,,,,,
249,"Arena Poolish Moulded Headphone, Yellow/Lovers, TU",,,,,,,,
250,"Pink Stereo Gaming Headset with Mic for PS4, PS5, Xbox One, PC, Mobile, Switch, 3.5mm Jack Noise Cancelling Gamer Headphones Lightweight Over Ear Headphones",,"[{'info': 'Brand', 'value': '\u200eSADES'}, {'info': 'Hardware Platform', 'value': '\u200eGaming Console, Xbox one, Mac'}, {'info': 'Item Weight', 'value': '\u200e10.6 ounces'}, {'info': 'Package Dimensions', 'value': '\u200e7.95 x 7.83 x 3.43 inches'}, {'info': 'Color', 'value': '\u200eL5'}, {'info': 'Manufacturer', 'value': '\u200eSADES'}, {'info': 'ASIN', 'value': '\u200eB08MW3LWFD'}, {'info': 'Date First Available', 'value': '\u200eNovember 6, 2020'}]","[{'info': 'Customer Reviews', 'value': '/*\n* Fix for UDP-1061. Average customer reviews has a small extra line on hover\n* https://omni-grok.amazon.com/xref/src/appgroup/websiteTemplates/retail/SoftlinesDetailPageAssets/udp-intl-lock/src/legacy.css?indexName=WebsiteTemplates#40\n*/\n.noUnderline a:hover {\ntext-decoration: none;\n} 4.5 out of 5 stars 174 ratings P.when(\'A\', \'ready\').execute(function(A) {\nA.declarative(\'acrLink-click-metrics\', \'click\', { ""allowLinkDefault"" : true }, function(event){\nif(window.ue) {\nue.count(""acrLinkClickCount"", (ue.count(""acrLinkClickCount"") || 0) + 1);\n}\n});\n}); P.when(\'A\', \'cf\').execute(function(A) {\nA.declarative(\'acrStarsLink-click-metrics\', \'click\', { ""allowLinkDefault"" : true },  function(event){\nif(window.ue) {\nue.count(""acrStarsLinkWithPopoverClickCount"", (ue.count(""acrStarsLinkWithPopoverClickCount"") || 0) + 1);\n}\n});\n}); 4.5 out of 5 stars'}, {'info': 'Best Sellers Rank', 'value': '#4,698 in Video Games ( See Top 100 in Video Games ) #51 in Mac Game Headsets #657 in Xbox One Games, Consoles & Accessories'}]",S-SMART,https://www.amazon.com/gp/help/seller/at-a-glance.html/ref=dp_merchant_link?ie=UTF8&seller=A2QUJRWAYMSKK9&isAmazonFulfilled=1,,,/Stereo-Headset-Cancelling-Headphones-Lightweight/product-reviews/B08MW3LWFD/ref=cm_cr_dp_d_show_all_btm?ie=UTF8&reviewerType=all_reviews
251,,,,,,,,,
252,,,,,,,,,
253,,,,,,,,,
254,,,,,,,,,
255,,,,,,,,,
256,,,,,,,,,
257,,,,,,,,,
258,,,,,,,,,
259,,,,,,,,,
260,,,,,,,,,
261,,,,,,,,,
262,,,,,,,,,
263,,,,,,,,,
264,,,,,,,,,
265,,,,,,,,,
266,MAKAYA Music Dj Men's T-Shirt Headphones,,,,,,,,/MAKAYA-Music-Mens-T-Shirt-Headphones/product-reviews/B00O2ZGPRG/ref=cm_cr_dp_d_show_all_btm?ie=UTF8&reviewerType=all_reviews
267,,,,,,,,,
268,"Bluetooth Headphones, OneOdio A11 Wireless Over Ear Headphones with Bass Up EQ Mode HiFi Stereo Sound CVC8.0 Microphone Headphones Compatible for Travel, Home Office Foldable Comfortable",,,"[{'info': 'Product Dimensions', 'value': '7.87 x 7.87 x 2.76 inches'}, {'info': 'Item Weight', 'value': '14.9 ounces'}, {'info': 'ASIN', 'value': 'B085M31H37'}, {'info': 'Item model number', 'value': 'A11'}, {'info': 'Customer Reviews', 'value': '/*\n* Fix for UDP-1061. Average customer reviews has a small extra line on hover\n* https://omni-grok.amazon.com/xref/src/appgroup/websiteTemplates/retail/SoftlinesDetailPageAssets/udp-intl-lock/src/legacy.css?indexName=WebsiteTemplates#40\n*/\n.noUnderline a:hover {\ntext-decoration: none;\n} 4.3 out of 5 stars 368 ratings P.when(\'A\', \'ready\').execute(function(A) {\nA.declarative(\'acrLink-click-metrics\', \'click\', { ""allowLinkDefault"" : true }, function(event){\nif(window.ue) {\nue.count(""acrLinkClickCount"", (ue.count(""acrLinkClickCount"") || 0) + 1);\n}\n});\n}); P.when(\'A\', \'cf\').execute(function(A) {\nA.declarative(\'acrStarsLink-click-metrics\', \'click\', { ""allowLinkDefault"" : true },  function(event){\nif(window.ue) {\nue.count(""acrStarsLinkWithPopoverClickCount"", (ue.count(""acrStarsLinkWithPopoverClickCount"") || 0) + 1);\n}\n});\n}); 4.3 out of 5 stars'}, {'info': 'Best Sellers Rank', 'value': '#355 in Over-Ear Headphones'}, {'info': 'Is Discontinued By Manufacturer', 'value': 'No'}, {'info': 'Date First Available', 'value': 'January 22, 2021'}, {'info': 'Manufacturer', 'value': 'OneOdio'}]",DIRONE,https://www.amazon.com/gp/help/seller/at-a-glance.html/ref=dp_merchant_link?ie=UTF8&seller=A3RJJJRIEAYNLE&isAmazonFulfilled=1,,,/Bluetooth-Headphones-Microphone-Compatible-Comfortable/product-reviews/B085M31H37/ref=cm_cr_dp_d_show_all_btm?ie=UTF8&reviewerType=all_reviews
269,"Over Ear Headphones with Microphone, Miya Bluetooth 5.0 Headphones with Mic Lightweight Comfortable Protein Earpads Noise Reduction Wireless Earphones Headset for Cell Phones Gaming Video(Red)",,,"[{'info': 'Manufacturer', 'value': 'MIYA LTD'}, {'info': 'ASIN', 'value': 'B08B88VZFF'}, {'info': 'Date First Available', 'value': 'June 15, 2020'}]",,,,,
270,"Bose QuietComfort Noise Cancelling Earbuds - True Wireless Earphones, Triple Black, the World's Most Effective Noise Cancelling Earbuds",,,"[{'info': 'Product Dimensions', 'value': '1.99 x 3.42 x 1.34 inches'}, {'info': 'Item Weight', 'value': '0.317 ounces'}, {'info': 'ASIN', 'value': 'B08C4KWM9T'}, {'info': 'Item model number', 'value': '831262-0010'}, {'info': 'Batteries', 'value': '3 Lithium ion batteries required. (included)'}, {'info': 'Customer Reviews', 'value': '/*\n* Fix for UDP-1061. Average customer reviews has a small extra line on hover\n* https://omni-grok.amazon.com/xref/src/appgroup/websiteTemplates/retail/SoftlinesDetailPageAssets/udp-intl-lock/src/legacy.css?indexName=WebsiteTemplates#40\n*/\n.noUnderline a:hover {\ntext-decoration: none;\n} 4.5 out of 5 stars 5,879 ratings P.when(\'A\', \'ready\').execute(function(A) {\nA.declarative(\'acrLink-click-metrics\', \'click\', { ""allowLinkDefault"" : true }, function(event){\nif(window.ue) {\nue.count(""acrLinkClickCount"", (ue.count(""acrLinkClickCount"") || 0) + 1);\n}\n});\n}); P.when(\'A\', \'cf\').execute(function(A) {\nA.declarative(\'acrStarsLink-click-metrics\', \'click\', { ""allowLinkDefault"" : true },  function(event){\nif(window.ue) {\nue.count(""acrStarsLinkWithPopoverClickCount"", (ue.count(""acrStarsLinkWithPopoverClickCount"") || 0) + 1);\n}\n});\n}); 4.5 out of 5 stars'}, {'info': 'Best Sellers Rank', 'value': '#56 in Earbud & In-Ear Headphones'}, {'info': 'Is Discontinued By Manufacturer', 'value': 'No'}, {'info': 'Date First Available', 'value': 'September 10, 2020'}, {'info': 'Manufacturer', 'value': 'BOSE'}]",,,,,/Bose-QuietComfort-Noise-Cancelling-Earbuds/product-reviews/B08C4KWM9T/ref=cm_cr_dp_d_show_all_btm?ie=UTF8&reviewerType=all_reviews
271,"Sennheiser Momentum 3 Wireless Noise Cancelling Headphones with Alexa built-in, Auto On/Off, Smart Pause Functionality and Smart Control App, Sandy White",,,"[{'info': 'Product Dimensions', 'value': '6.69 x 7.87 x 1.97 inches'}, {'info': 'Item Weight', 'value': '10.8 ounces'}, {'info': 'ASIN', 'value': 'B088KN4R31'}, {'info': 'Item model number', 'value': '508235'}, {'info': 'Batteries', 'value': '1 Lithium Polymer batteries required.'}, {'info': 'Customer Reviews', 'value': '/*\n* Fix for UDP-1061. Average customer reviews has a small extra line on hover\n* https://omni-grok.amazon.com/xref/src/appgroup/websiteTemplates/retail/SoftlinesDetailPageAssets/udp-intl-lock/src/legacy.css?indexName=WebsiteTemplates#40\n*/\n.noUnderline a:hover {\ntext-decoration: none;\n} 4.4 out of 5 stars 262 ratings P.when(\'A\', \'ready\').execute(function(A) {\nA.declarative(\'acrLink-click-metrics\', \'click\', { ""allowLinkDefault"" : true }, function(event){\nif(window.ue) {\nue.count(""acrLinkClickCount"", (ue.count(""acrLinkClickCount"") || 0) + 1);\n}\n});\n}); P.when(\'A\', \'cf\').execute(function(A) {\nA.declarative(\'acrStarsLink-click-metrics\', \'click\', { ""allowLinkDefault"" : true },  function(event){\nif(window.ue) {\nue.count(""acrStarsLinkWithPopoverClickCount"", (ue.count(""acrStarsLinkWithPopoverClickCount"") || 0) + 1);\n}\n});\n}); 4.4 out of 5 stars'}, {'info': 'Date First Available', 'value': 'February 24, 2021'}, {'info': 'Manufacturer', 'value': 'Sennheiser'}]",,,,,
272,,,,,,,,,
273,,,,,,,,,
274,TROIKA Headphone KR17-07/GM Key Fob - Headphones - Cast Metal/Silicone - Trend: Music - Listen to Music - Gunmetal Grey - The Original by Troika,,,,,,,,/TROIKA-HEADPHONE-silicone-gunmetal-TROIKA-original/product-reviews/B01NCESDQN/ref=cm_cr_dp_d_show_all_btm?ie=UTF8&reviewerType=all_reviews
275,,,,,,,,,
276,,,,,,,,,
277,,,,,,,,,
278,,,,,,,,,
279,,,,,,,,,
280,,,,,,,,,
281,,,,,,,,,
282,,,,,,,,,
283,,,,,,,,,
284,,,,,,,,,
285,,,,,,,,,
286,Puro Sound Labs BT2200 Volume Limited Kids’ Bluetooth Headphones – Safer Headphones for Kids – Studio-Grade Audio Quality & Noise Isolation – Lime Green,,,,Puro Sound Labs,https://www.amazon.com/gp/help/seller/at-a-glance.html/ref=dp_merchant_link?ie=UTF8&seller=A6S62Y07R7V3Y&isAmazonFulfilled=1,,,/Puro-Sound-Labs-Bluetooth-Headphones/product-reviews/B08G74P3W9?reviewerType=all_reviews
287,Puro Sound Labs BT2200s Volume Limited Kids’ Bluetooth Headphones – Safer Headphones for Kids – Studio-Grade Audio Quality & Noise Isolation- Hot Pink,,,"[{'info': 'Package Dimensions', 'value': '8.3 x 7 x 2.3 inches'}, {'info': 'Item Weight', 'value': '5.1 ounces'}, {'info': 'ASIN', 'value': 'B08G7BJMCK'}, {'info': 'Batteries', 'value': '1 Lithium ion batteries required. (included)'}, {'info': 'Customer Reviews', 'value': '/*\n* Fix for UDP-1061. Average customer reviews has a small extra line on hover\n* https://omni-grok.amazon.com/xref/src/appgroup/websiteTemplates/retail/SoftlinesDetailPageAssets/udp-intl-lock/src/legacy.css?indexName=WebsiteTemplates#40\n*/\n.noUnderline a:hover {\ntext-decoration: none;\n} 4.5 out of 5 stars 1,477 ratings P.when(\'A\', \'ready\').execute(function(A) {\nA.declarative(\'acrLink-click-metrics\', \'click\', { ""allowLinkDefault"" : true }, function(event){\nif(window.ue) {\nue.count(""acrLinkClickCount"", (ue.count(""acrLinkClickCount"") || 0) + 1);\n}\n});\n}); P.when(\'A\', \'cf\').execute(function(A) {\nA.declarative(\'acrStarsLink-click-metrics\', \'click\', { ""allowLinkDefault"" : true },  function(event){\nif(window.ue) {\nue.count(""acrStarsLinkWithPopoverClickCount"", (ue.count(""acrStarsLinkWithPopoverClickCount"") || 0) + 1);\n}\n});\n}); 4.5 out of 5 stars'}, {'info': 'Best Sellers Rank', 'value': '#189 in On-Ear Headphones'}, {'info': 'Date First Available', 'value': 'October 18, 2019'}, {'info': 'Manufacturer', 'value': 'Puro Sound Labs'}]",Puro Sound Labs,https://www.amazon.com/gp/help/seller/at-a-glance.html/ref=dp_merchant_link?ie=UTF8&seller=A6S62Y07R7V3Y&isAmazonFulfilled=1,,,/Puro-Sound-Labs-Bluetooth-Headphones/product-reviews/B08G7BJMCK/ref=cm_cr_dp_d_show_all_btm?ie=UTF8&reviewerType=all_reviews
288,,,,,,,,,
289,,,,,,,,,
290,,,,,,,,,
291,,,,,,,,,
292,"Bluetooth Headphones, OneOdio A11 Wireless Over Ear Headphones with Bass Up EQ Mode HiFi Stereo Sound CVC8.0 Microphone Headphones Compatible for Travel, Home Office Foldable Comfortable",,,"[{'info': 'Product Dimensions', 'value': '7.87 x 7.87 x 2.76 inches'}, {'info': 'Item Weight', 'value': '14.9 ounces'}, {'info': 'ASIN', 'value': 'B085M31H37'}, {'info': 'Item model number', 'value': 'A11'}, {'info': 'Customer Reviews', 'value': '/*\n* Fix for UDP-1061. Average customer reviews has a small extra line on hover\n* https://omni-grok.amazon.com/xref/src/appgroup/websiteTemplates/retail/SoftlinesDetailPageAssets/udp-intl-lock/src/legacy.css?indexName=WebsiteTemplates#40\n*/\n.noUnderline a:hover {\ntext-decoration: none;\n} 4.3 out of 5 stars 368 ratings P.when(\'A\', \'ready\').execute(function(A) {\nA.declarative(\'acrLink-click-metrics\', \'click\', { ""allowLinkDefault"" : true }, function(event){\nif(window.ue) {\nue.count(""acrLinkClickCount"", (ue.count(""acrLinkClickCount"") || 0) + 1);\n}\n});\n}); P.when(\'A\', \'cf\').execute(function(A) {\nA.declarative(\'acrStarsLink-click-metrics\', \'click\', { ""allowLinkDefault"" : true },  function(event){\nif(window.ue) {\nue.count(""acrStarsLinkWithPopoverClickCount"", (ue.count(""acrStarsLinkWithPopoverClickCount"") || 0) + 1);\n}\n});\n}); 4.3 out of 5 stars'}, {'info': 'Best Sellers Rank', 'value': '#355 in Over-Ear Headphones'}, {'info': 'Is Discontinued By Manufacturer', 'value': 'No'}, {'info': 'Date First Available', 'value': 'January 22, 2021'}, {'info': 'Manufacturer', 'value': 'OneOdio'}]",DIRONE,https://www.amazon.com/gp/help/seller/at-a-glance.html/ref=dp_merchant_link?ie=UTF8&seller=A3RJJJRIEAYNLE&isAmazonFulfilled=1,,,/Bluetooth-Headphones-Microphone-Compatible-Comfortable/product-reviews/B085M31H37/ref=cm_cr_dp_d_show_all_btm?ie=UTF8&reviewerType=all_reviews
293,,,,,,,,,
294,,,,,,,,,
295,,,,,,,,,
296,,,,,,,,,
297,,,,,,,,,
298,,,,,,,,,
299,,,,,,,,,
300,"225 TWS Auriculares intraaurales realmente inalámbricos, con Bluetooth, Sonido Pure Bass y modo Dual Connect, hasta 25 hrs de música con estuche de carga, negro-Azul",,,"[{'info': 'Product Dimensions', 'value': '1.73 x 3.94 x 6.3 inches'}, {'info': 'Item Weight', 'value': '2.01 ounces'}, {'info': 'ASIN', 'value': 'B08CNMCJ2P'}, {'info': 'Item model number', 'value': 'CA08626'}, {'info': 'Batteries', 'value': '1 Lithium Polymer batteries required.'}, {'info': 'Date First Available', 'value': 'May 27, 2021'}, {'info': 'Manufacturer', 'value': 'Chebran'}]",,,,,
301,"Kabellose Kopfhörer, Bluetooth Kopfhörer in Ear, mit Mikrofon und Berührungssteuerung. IPX5 Wasserdicht Sport Kopfhörer, 20 Std, Bluetooth 5.1 Kopfhörer für Alle Smartphone",,,"[{'info': 'Item Weight', 'value': '1.06 ounces'}, {'info': 'ASIN', 'value': 'B08XJTH2DC'}, {'info': 'Item model number', 'value': 'F1'}, {'info': 'Batteries', 'value': '3 Lithium ion batteries required. (included)'}, {'info': 'Date First Available', 'value': 'April 16, 2021'}, {'info': 'Manufacturer', 'value': 'Gortheous'}]",,,,,
302,,,,,,,,,
303,,,,,,,,,
304,,,,,,,,,
305,,,,,,,,,
306,,,,,,,,,
307,,,,,,,,,
308,,,,,,,,,
309,,,,,,,,,
310,,,,,,,,,
311,,,,,,,,,
312,,,,,,,,,
313,,,,,,,,,
314,,,,,,,,,
315,,,,,,,,,
316,"Wireless Earbuds, Holyhigh Bluetooth Headphones 25H Playtime IPX7 Waterproof Bluetooth 5.0 Headset Wireless Earphones with Mic Noise Cancelling Sport Headphones in Ear with Charging Case for Running",,,"[{'info': 'Product Dimensions', 'value': '1.26 x 0.81 x 1.07 inches'}, {'info': 'Item Weight', 'value': '0.148 ounces'}, {'info': 'ASIN', 'value': 'B08DG38BW7'}, {'info': 'Item model number', 'value': 'ET3'}, {'info': 'Batteries', 'value': '1 Lithium Polymer batteries required. (included)'}, {'info': 'Customer Reviews', 'value': '/*\n* Fix for UDP-1061. Average customer reviews has a small extra line on hover\n* https://omni-grok.amazon.com/xref/src/appgroup/websiteTemplates/retail/SoftlinesDetailPageAssets/udp-intl-lock/src/legacy.css?indexName=WebsiteTemplates#40\n*/\n.noUnderline a:hover {\ntext-decoration: none;\n} 4.1 out of 5 stars 1,809 ratings P.when(\'A\', \'ready\').execute(function(A) {\nA.declarative(\'acrLink-click-metrics\', \'click\', { ""allowLinkDefault"" : true }, function(event){\nif(window.ue) {\nue.count(""acrLinkClickCount"", (ue.count(""acrLinkClickCount"") || 0) + 1);\n}\n});\n}); P.when(\'A\', \'cf\').execute(function(A) {\nA.declarative(\'acrStarsLink-click-metrics\', \'click\', { ""allowLinkDefault"" : true },  function(event){\nif(window.ue) {\nue.count(""acrStarsLinkWithPopoverClickCount"", (ue.count(""acrStarsLinkWithPopoverClickCount"") || 0) + 1);\n}\n});\n}); 4.1 out of 5 stars'}, {'info': 'Best Sellers Rank', 'value': '#409 in Earbud & In-Ear Headphones'}, {'info': 'Date First Available', 'value': 'August 6, 2020'}, {'info': 'Manufacturer', 'value': 'HolyHigh'}]",,,,,/Bluetooth-Headphones-Waterproof-Earphones-Cancelling/product-reviews/B08DG38BW7/ref=cm_cr_dp_d_show_all_btm?ie=UTF8&reviewerType=all_reviews
317,,,,,,,,,
318,,,,,,,,,
319,,,,,,,,,
320,,,,,,,,,
321,,,,,,,,,
322,,,,,,,,,
323,,,,,,,,,
324,,,,,,,,,
325,,,,,,,,,
326,,,,,,,,,
327,OneOdio Bluetooth Headphones - Studio Over Ear Headphones with 50 Hours Playtime Wired and Wireless Professional Monitor Recording Headphones with Stereo Sound for Electric Drum Piano Guitar Amp,,,"[{'info': 'Package Dimensions', 'value': '6.65 x 5.59 x 4.09 inches'}, {'info': 'Item Weight', 'value': '1.01 pounds'}, {'info': 'Manufacturer', 'value': 'OneOdio'}, {'info': 'ASIN', 'value': 'B08TQJSJLP'}, {'info': 'Batteries', 'value': '1 Lithium Polymer batteries required. (included)'}, {'info': 'Customer Reviews', 'value': '/*\n* Fix for UDP-1061. Average customer reviews has a small extra line on hover\n* https://omni-grok.amazon.com/xref/src/appgroup/websiteTemplates/retail/SoftlinesDetailPageAssets/udp-intl-lock/src/legacy.css?indexName=WebsiteTemplates#40\n*/\n.noUnderline a:hover {\ntext-decoration: none;\n} 4.4 out of 5 stars 4,310 ratings P.when(\'A\', \'ready\').execute(function(A) {\nA.declarative(\'acrLink-click-metrics\', \'click\', { ""allowLinkDefault"" : true }, function(event){\nif(window.ue) {\nue.count(""acrLinkClickCount"", (ue.count(""acrLinkClickCount"") || 0) + 1);\n}\n});\n}); P.when(\'A\', \'cf\').execute(function(A) {\nA.declarative(\'acrStarsLink-click-metrics\', \'click\', { ""allowLinkDefault"" : true },  function(event){\nif(window.ue) {\nue.count(""acrStarsLinkWithPopoverClickCount"", (ue.count(""acrStarsLinkWithPopoverClickCount"") || 0) + 1);\n}\n});\n}); 4.4 out of 5 stars'}, {'info': 'Best Sellers Rank', 'value': '#2,029 in Over-Ear Headphones #5,275 in Earbud & In-Ear Headphones'}, {'info': 'Date First Available', 'value': 'January 22, 2021'}]",OneOdio Direct US,https://www.amazon.com/gp/help/seller/at-a-glance.html/ref=dp_merchant_link?ie=UTF8&seller=A3AR3HR83PX1V0&isAmazonFulfilled=1,,,/OneOdio-Bluetooth-Headphones-Professional-Recording/product-reviews/B08TQJSJLP/ref=cm_cr_dp_d_show_all_btm?ie=UTF8&reviewerType=all_reviews
328,,,,,,,,,
329,,,,,,,,,
330,,,,,,,,,
331,,,,,,,,,
332,,,,,,,,,
333,,,,,,,,,
334,,,,,,,,,
335,,,,,,,,,
336,,,,,,,,,
337,,,,,,,,,
338,"Linklike Quad Drivers Bluetooth 5.0 Headphones, HiFi Sound Wireless Earbuds, 16 Hours Playtime, IPX7 Waterproof, Noise Isolating, Magnetic Sport Earphones with Mic",,,"[{'info': 'Package Dimensions', 'value': '7.01 x 6.38 x 1.1 inches'}, {'info': 'Item Weight', 'value': '0.8 ounces'}, {'info': 'Manufacturer', 'value': 'Linklike'}, {'info': 'ASIN', 'value': 'B07WMPTGGR'}, {'info': 'Item model number', 'value': 'Linklike Fly 9'}, {'info': 'Batteries', 'value': '2 Lithium Polymer batteries required. (included)'}, {'info': 'Is Discontinued By Manufacturer', 'value': 'No'}, {'info': 'Date First Available', 'value': 'July 1, 2019'}]",,,,,
339,,,,,,,,,
340,PreSonus EarMix 16M 16x2 AVB-Networked Personal Monitor Mixer with Monitoring Headphones and Assorted Cables Deluxe Bundle,,,"[{'info': 'Item Weight', 'value': '6.39 pounds'}, {'info': 'Package Dimensions', 'value': '17.4 x 13.43 x 7.83 inches'}, {'info': 'ASIN', 'value': 'B07N6GX6KZ'}, {'info': 'Best Sellers Rank', 'value': '#300,670 in Musical Instruments ( See Top 100 in Musical Instruments ) #636 in Unpowered Recording Mixers'}, {'info': 'Is Discontinued By Manufacturer', 'value': 'No'}, {'info': 'Date First Available', 'value': 'January 28, 2019'}]",Photo Savings,https://www.amazon.com/gp/help/seller/at-a-glance.html/ref=dp_merchant_link?ie=UTF8&seller=AVK2FQXQF9PPN&isAmazonFulfilled=1,,,
341,,,,,,,,,
342,,,,,,,,,
343,,,,,,,,,
344,,,,,,,,,
345,,,,,,,,,/super-high-booster-loud/product-reviews/B07F5NRY68/ref=cm_cr_dp_d_show_all_btm?ie=UTF8&reviewerType=all_reviews
346,,,,,,,,,
347,,,,,,,,,
348,,,,,,,,,
349,,,,,,,,,
350,,,,,,,,,
351,,,,,,,,,
352,,,,,,,,,
353,,,,,,,,,
354,,,,,,,,,
355,,,,,,,,,
356,"Bluetooth Headphones, OneOdio A11 Wireless Over Ear Headphones with Bass Up EQ Mode HiFi Stereo Sound CVC8.0 Microphone Headphones Compatible for Travel, Home Office Foldable Comfortable",,,"[{'info': 'Product Dimensions', 'value': '7.87 x 7.87 x 2.76 inches'}, {'info': 'Item Weight', 'value': '14.9 ounces'}, {'info': 'ASIN', 'value': 'B085M31H37'}, {'info': 'Item model number', 'value': 'A11'}, {'info': 'Customer Reviews', 'value': '/*\n* Fix for UDP-1061. Average customer reviews has a small extra line on hover\n* https://omni-grok.amazon.com/xref/src/appgroup/websiteTemplates/retail/SoftlinesDetailPageAssets/udp-intl-lock/src/legacy.css?indexName=WebsiteTemplates#40\n*/\n.noUnderline a:hover {\ntext-decoration: none;\n} 4.3 out of 5 stars 368 ratings P.when(\'A\', \'ready\').execute(function(A) {\nA.declarative(\'acrLink-click-metrics\', \'click\', { ""allowLinkDefault"" : true }, function(event){\nif(window.ue) {\nue.count(""acrLinkClickCount"", (ue.count(""acrLinkClickCount"") || 0) + 1);\n}\n});\n}); P.when(\'A\', \'cf\').execute(function(A) {\nA.declarative(\'acrStarsLink-click-metrics\', \'click\', { ""allowLinkDefault"" : true },  function(event){\nif(window.ue) {\nue.count(""acrStarsLinkWithPopoverClickCount"", (ue.count(""acrStarsLinkWithPopoverClickCount"") || 0) + 1);\n}\n});\n}); 4.3 out of 5 stars'}, {'info': 'Best Sellers Rank', 'value': '#355 in Over-Ear Headphones'}, {'info': 'Is Discontinued By Manufacturer', 'value': 'No'}, {'info': 'Date First Available', 'value': 'January 22, 2021'}, {'info': 'Manufacturer', 'value': 'OneOdio'}]",DIRONE,https://www.amazon.com/gp/help/seller/at-a-glance.html/ref=dp_merchant_link?ie=UTF8&seller=A3RJJJRIEAYNLE&isAmazonFulfilled=1,,,/Bluetooth-Headphones-Microphone-Compatible-Comfortable/product-reviews/B085M31H37/ref=cm_cr_dp_d_show_all_btm?ie=UTF8&reviewerType=all_reviews
357,KLIM Fusion Earbuds with Microphone + Long-Lasting Wired Ear Buds - Innovative: in-Ear with Memory Foam + Earphones with Mic and 3.5mm Jack - New 2021 Version - Black,,,"[{'info': 'Product Dimensions', 'value': '1.97 x 0.43 x 62.99 inches'}, {'info': 'Item Weight', 'value': '0.705 ounces'}, {'info': 'ASIN', 'value': 'B0736SCQ4X'}, {'info': 'Item model number', 'value': '5962919830'}, {'info': 'Customer Reviews', 'value': '/*\n* Fix for UDP-1061. Average customer reviews has a small extra line on hover\n* https://omni-grok.amazon.com/xref/src/appgroup/websiteTemplates/retail/SoftlinesDetailPageAssets/udp-intl-lock/src/legacy.css?indexName=WebsiteTemplates#40\n*/\n.noUnderline a:hover {\ntext-decoration: none;\n} 4.2 out of 5 stars 34,572 ratings P.when(\'A\', \'ready\').execute(function(A) {\nA.declarative(\'acrLink-click-metrics\', \'click\', { ""allowLinkDefault"" : true }, function(event){\nif(window.ue) {\nue.count(""acrLinkClickCount"", (ue.count(""acrLinkClickCount"") || 0) + 1);\n}\n});\n}); P.when(\'A\', \'cf\').execute(function(A) {\nA.declarative(\'acrStarsLink-click-metrics\', \'click\', { ""allowLinkDefault"" : true },  function(event){\nif(window.ue) {\nue.count(""acrStarsLinkWithPopoverClickCount"", (ue.count(""acrStarsLinkWithPopoverClickCount"") || 0) + 1);\n}\n});\n}); 4.2 out of 5 stars'}, {'info': 'Best Sellers Rank', 'value': '#363 in Earbud & In-Ear Headphones'}, {'info': 'Is Discontinued By Manufacturer', 'value': 'No'}, {'info': 'Date First Available', 'value': 'January 8, 2018'}, {'info': 'Manufacturer', 'value': 'KLIM'}]",,,,,/KLIM-Fusion-Earbuds-Audio-Ear/product-reviews/B0736SCQ4X/ref=cm_cr_dp_d_show_all_btm?ie=UTF8&reviewerType=all_reviews
358,,,,,,,,,
359,,,,,,,,,
360,,,,,,,,,
361,,,,,,,,,
362,,,,,,,,,
363,"iClever BTH12 Wireless Kids Headphones, Colorful LED Lights Kids Headphones with 74/85/94dB Volume Limited Over Ear, 40H Playtime, Bluetooth 5.0, Built-in Mic for School/Tablet/PC/Airplane, Blue",,,"[{'info': 'Product Dimensions', 'value': '6.1 x 2.64 x 7.09 inches'}, {'info': 'Item Weight', 'value': '6.1 ounces'}, {'info': 'ASIN', 'value': 'B0895PBJCQ'}, {'info': 'Item model number', 'value': 'BTH12-Blue'}, {'info': 'Batteries', 'value': '1 Lithium Polymer batteries required. (included)'}, {'info': 'Customer Reviews', 'value': '/*\n* Fix for UDP-1061. Average customer reviews has a small extra line on hover\n* https://omni-grok.amazon.com/xref/src/appgroup/websiteTemplates/retail/SoftlinesDetailPageAssets/udp-intl-lock/src/legacy.css?indexName=WebsiteTemplates#40\n*/\n.noUnderline a:hover {\ntext-decoration: none;\n} 4.6 out of 5 stars 864 ratings P.when(\'A\', \'ready\').execute(function(A) {\nA.declarative(\'acrLink-click-metrics\', \'click\', { ""allowLinkDefault"" : true }, function(event){\nif(window.ue) {\nue.count(""acrLinkClickCount"", (ue.count(""acrLinkClickCount"") || 0) + 1);\n}\n});\n}); P.when(\'A\', \'cf\').execute(function(A) {\nA.declarative(\'acrStarsLink-click-metrics\', \'click\', { ""allowLinkDefault"" : true },  function(event){\nif(window.ue) {\nue.count(""acrStarsLinkWithPopoverClickCount"", (ue.count(""acrStarsLinkWithPopoverClickCount"") || 0) + 1);\n}\n});\n}); 4.6 out of 5 stars'}, {'info': 'Best Sellers Rank', 'value': '#30 in Over-Ear Headphones'}, {'info': 'Date First Available', 'value': 'October 22, 2020'}, {'info': 'Department', 'value': 'Unisex-child'}, {'info': 'Manufacturer', 'value': 'iClever'}]",Sports Artisan,https://www.amazon.com/gp/help/seller/at-a-glance.html/ref=dp_merchant_link?ie=UTF8&seller=ATRGBF0UYL5OZ&isAmazonFulfilled=1,,,/iClever-Headphones-Colorful-Wireless-Bluetooth/product-reviews/B0895PBJCQ/ref=cm_cr_dp_d_show_all_btm?ie=UTF8&reviewerType=all_reviews
364,,,,,,,,,
365,,,,,,,,,
366,,,,,,,,,
367,,,,,,,,,
368,,,,,,,,,
369,,,,,,,,,
370,,,,,,,,,
371,OneOdio Bluetooth Headphones - Studio Over Ear Headphones with 50 Hours Playtime Wired and Wireless Professional Monitor Recording Headphones with Stereo Sound for Electric Drum Piano Guitar Amp,,,"[{'info': 'Package Dimensions', 'value': '6.65 x 5.59 x 4.09 inches'}, {'info': 'Item Weight', 'value': '1.01 pounds'}, {'info': 'Manufacturer', 'value': 'OneOdio'}, {'info': 'ASIN', 'value': 'B08TQJSJLP'}, {'info': 'Batteries', 'value': '1 Lithium Polymer batteries required. (included)'}, {'info': 'Customer Reviews', 'value': '/*\n* Fix for UDP-1061. Average customer reviews has a small extra line on hover\n* https://omni-grok.amazon.com/xref/src/appgroup/websiteTemplates/retail/SoftlinesDetailPageAssets/udp-intl-lock/src/legacy.css?indexName=WebsiteTemplates#40\n*/\n.noUnderline a:hover {\ntext-decoration: none;\n} 4.4 out of 5 stars 4,310 ratings P.when(\'A\', \'ready\').execute(function(A) {\nA.declarative(\'acrLink-click-metrics\', \'click\', { ""allowLinkDefault"" : true }, function(event){\nif(window.ue) {\nue.count(""acrLinkClickCount"", (ue.count(""acrLinkClickCount"") || 0) + 1);\n}\n});\n}); P.when(\'A\', \'cf\').execute(function(A) {\nA.declarative(\'acrStarsLink-click-metrics\', \'click\', { ""allowLinkDefault"" : true },  function(event){\nif(window.ue) {\nue.count(""acrStarsLinkWithPopoverClickCount"", (ue.count(""acrStarsLinkWithPopoverClickCount"") || 0) + 1);\n}\n});\n}); 4.4 out of 5 stars'}, {'info': 'Best Sellers Rank', 'value': '#2,029 in Over-Ear Headphones #5,275 in Earbud & In-Ear Headphones'}, {'info': 'Date First Available', 'value': 'January 22, 2021'}]",OneOdio Direct US,https://www.amazon.com/gp/help/seller/at-a-glance.html/ref=dp_merchant_link?ie=UTF8&seller=A3AR3HR83PX1V0&isAmazonFulfilled=1,,,/OneOdio-Bluetooth-Headphones-Professional-Recording/product-reviews/B08TQJSJLP/ref=cm_cr_dp_d_show_all_btm?ie=UTF8&reviewerType=all_reviews
372,,,,,,,,,
373,,,,,,,,,
374,,,,,,,,,
375,,,,,,,,,
376,,,,,,,,,
377,,,,,,,,,
378,,,,,,,,,
379,,,,,,,,,
380,,,,,,,,,
381,,,,,,,,,
382,,,,,,,,,
383,,,,,,,,,
384,,,,,,,,,
385,,,,,,,,,
386,,,,,,,,,
387,,,,,,,,,
388,,,,,,,,,
389,,,,,,,,,
390,,,,,,,,,
391,,,,,,,,,
392,,,,,,,,,
393,OneOdio Bluetooth Headphones - Studio Over Ear Headphones with 50 Hours Playtime Wired and Wireless Professional Monitor Recording Headphones with Stereo Sound for Electric Drum Piano Guitar Amp,,,"[{'info': 'Package Dimensions', 'value': '6.65 x 5.59 x 4.09 inches'}, {'info': 'Item Weight', 'value': '1.01 pounds'}, {'info': 'Manufacturer', 'value': 'OneOdio'}, {'info': 'ASIN', 'value': 'B08TQJSJLP'}, {'info': 'Batteries', 'value': '1 Lithium Polymer batteries required. (included)'}, {'info': 'Customer Reviews', 'value': '/*\n* Fix for UDP-1061. Average customer reviews has a small extra line on hover\n* https://omni-grok.amazon.com/xref/src/appgroup/websiteTemplates/retail/SoftlinesDetailPageAssets/udp-intl-lock/src/legacy.css?indexName=WebsiteTemplates#40\n*/\n.noUnderline a:hover {\ntext-decoration: none;\n} 4.4 out of 5 stars 4,310 ratings P.when(\'A\', \'ready\').execute(function(A) {\nA.declarative(\'acrLink-click-metrics\', \'click\', { ""allowLinkDefault"" : true }, function(event){\nif(window.ue) {\nue.count(""acrLinkClickCount"", (ue.count(""acrLinkClickCount"") || 0) + 1);\n}\n});\n}); P.when(\'A\', \'cf\').execute(function(A) {\nA.declarative(\'acrStarsLink-click-metrics\', \'click\', { ""allowLinkDefault"" : true },  function(event){\nif(window.ue) {\nue.count(""acrStarsLinkWithPopoverClickCount"", (ue.count(""acrStarsLinkWithPopoverClickCount"") || 0) + 1);\n}\n});\n}); 4.4 out of 5 stars'}, {'info': 'Best Sellers Rank', 'value': '#2,029 in Over-Ear Headphones #5,275 in Earbud & In-Ear Headphones'}, {'info': 'Date First Available', 'value': 'January 22, 2021'}]",OneOdio Direct US,https://www.amazon.com/gp/help/seller/at-a-glance.html/ref=dp_merchant_link?ie=UTF8&seller=A3AR3HR83PX1V0&isAmazonFulfilled=1,,,/OneOdio-Bluetooth-Headphones-Professional-Recording/product-reviews/B08TQJSJLP/ref=cm_cr_dp_d_show_all_btm?ie=UTF8&reviewerType=all_reviews
394,,,,,,,,,
395,,,,,,,,,
396,"Lowepro LP37238-PWW Truckee BP 250 LX Outdoor Camera Backpack, Fits 15 inch Tablet, for Compact DSLR/Mirrorless, for Sony, Canon, Nikon, 1-2 Lenses, Gimbal, Video Drone, DJI, Osmo, Mavic, Light Grey",,,,,,,,/Lowepro-LP37238-PWW-Truckee-BP-250/product-reviews/B07S1Q2XK4?reviewerType=all_reviews
397,,,,,,,,,
398,Wireless Earbuds Bluetooth Headphones with Charging Case,,,"[{'info': 'Package Dimensions', 'value': '7.52 x 4.84 x 0.94 inches'}, {'info': 'Item Weight', 'value': '0.564 ounces'}, {'info': 'Manufacturer', 'value': 'EDYELL'}, {'info': 'ASIN', 'value': 'B07T95X4KW'}, {'info': 'Item model number', 'value': 'CCX1'}, {'info': 'Batteries', 'value': '2 Lithium ion batteries required.'}, {'info': 'Customer Reviews', 'value': '/*\n* Fix for UDP-1061. Average customer reviews has a small extra line on hover\n* https://omni-grok.amazon.com/xref/src/appgroup/websiteTemplates/retail/SoftlinesDetailPageAssets/udp-intl-lock/src/legacy.css?indexName=WebsiteTemplates#40\n*/\n.noUnderline a:hover {\ntext-decoration: none;\n} 3.8 out of 5 stars 2,389 ratings P.when(\'A\', \'ready\').execute(function(A) {\nA.declarative(\'acrLink-click-metrics\', \'click\', { ""allowLinkDefault"" : true }, function(event){\nif(window.ue) {\nue.count(""acrLinkClickCount"", (ue.count(""acrLinkClickCount"") || 0) + 1);\n}\n});\n}); P.when(\'A\', \'cf\').execute(function(A) {\nA.declarative(\'acrStarsLink-click-metrics\', \'click\', { ""allowLinkDefault"" : true },  function(event){\nif(window.ue) {\nue.count(""acrStarsLinkWithPopoverClickCount"", (ue.count(""acrStarsLinkWithPopoverClickCount"") || 0) + 1);\n}\n});\n}); 3.8 out of 5 stars'}, {'info': 'Date First Available', 'value': 'October 15, 2020'}]",,,,,/Bluetooth-Wasserdicht-Magnetisches-Nackenb%C3%BCgel-Sportkopfh%C3%B6rer/product-reviews/B07T95X4KW/ref=cm_cr_dp_d_show_all_btm?ie=UTF8&reviewerType=all_reviews
399,,,,,,,,,
400,,,,,,,,,
401,,,,,,,,,
402,Beethoven: Complete Piano Sonatas Nos. 1-32,,,,RAREWAVES-IMPORTS,https://www.amazon.com/gp/help/seller/at-a-glance.html/ref=dp_merchant_link?ie=UTF8&seller=A30I8KTV4DUTWQ,,,/Beethoven-Complete-Piano-Sonatas-Nos/product-reviews/B001CGJ3QS/ref=cm_cr_dp_d_show_all_btm?ie=UTF8&reviewerType=all_reviews
403,,,,,,,,,
404,,,,,,,,,
405,,,,,,,,,
406,"Bellroy Classic Backpack Plus (Commuter Backpack, Fits 15"" Laptop) - Black","[{'info': 'Brand', 'value': '\u200eBellroy'}, {'info': 'Item model number', 'value': '\u200eBCPA-BLK-202'}, {'info': 'Item Weight', 'value': '\u200e2.2 pounds'}, {'info': 'Product Dimensions', 'value': '\u200e15.75 x 2.76 x 19.69 inches'}, {'info': 'Item Dimensions  LxWxH', 'value': '\u200e15.75 x 2.76 x 19.69 inches'}, {'info': 'Color', 'value': '\u200eBlack'}, {'info': 'Department', 'value': '\u200eUnisex-adult'}, {'info': 'Manufacturer', 'value': '\u200eBellroy'}, {'info': 'ASIN', 'value': '\u200eB07G4CBJLC'}, {'info': 'Is Discontinued By Manufacturer', 'value': '\u200eNo'}, {'info': 'Date First Available', 'value': '\u200eAugust 2, 2018'}]","[{'info': 'Standing screen display size', 'value': '\u200e15 Inches'}]","[{'info': 'Customer Reviews', 'value': '/*\n* Fix for UDP-1061. Average customer reviews has a small extra line on hover\n* https://omni-grok.amazon.com/xref/src/appgroup/websiteTemplates/retail/SoftlinesDetailPageAssets/udp-intl-lock/src/legacy.css?indexName=WebsiteTemplates#40\n*/\n.noUnderline a:hover {\ntext-decoration: none;\n} 4.5 out of 5 stars 135 ratings P.when(\'A\', \'ready\').execute(function(A) {\nA.declarative(\'acrLink-click-metrics\', \'click\', { ""allowLinkDefault"" : true }, function(event){\nif(window.ue) {\nue.count(""acrLinkClickCount"", (ue.count(""acrLinkClickCount"") || 0) + 1);\n}\n});\n}); P.when(\'A\', \'cf\').execute(function(A) {\nA.declarative(\'acrStarsLink-click-metrics\', \'click\', { ""allowLinkDefault"" : true },  function(event){\nif(window.ue) {\nue.count(""acrStarsLinkWithPopoverClickCount"", (ue.count(""acrStarsLinkWithPopoverClickCount"") || 0) + 1);\n}\n});\n}); 4.5 out of 5 stars'}, {'info': 'Best Sellers Rank', 'value': '#4,588 in Laptop Backpacks'}]",,,,,/Bellroy-Classic-Backpack-Headphones-Notebook/product-reviews/B07G4CBJLC/ref=cm_cr_dp_d_show_all_btm?ie=UTF8&reviewerType=all_reviews
407,,,,,,,,,
408,,,,,,,,,
409,,,,,,,,,
410,,,,,,,,,
411,,,,,,,,,
412,,,,,,,,,
413,Philips SHK2000PK/00 Kids Pink Headphones with Volume Control,,,"[{'info': 'Product Dimensions', 'value': '6.1 x 5.12 x 2.76 inches'}, {'info': 'Item Weight', 'value': '3.53 ounces'}, {'info': 'ASIN', 'value': 'B00K792ZIO'}, {'info': 'Item model number', 'value': 'SHK2000PK'}, {'info': 'Customer Reviews', 'value': '/*\n* Fix for UDP-1061. Average customer reviews has a small extra line on hover\n* https://omni-grok.amazon.com/xref/src/appgroup/websiteTemplates/retail/SoftlinesDetailPageAssets/udp-intl-lock/src/legacy.css?indexName=WebsiteTemplates#40\n*/\n.noUnderline a:hover {\ntext-decoration: none;\n} 4.5 out of 5 stars 2,137 ratings P.when(\'A\', \'ready\').execute(function(A) {\nA.declarative(\'acrLink-click-metrics\', \'click\', { ""allowLinkDefault"" : true }, function(event){\nif(window.ue) {\nue.count(""acrLinkClickCount"", (ue.count(""acrLinkClickCount"") || 0) + 1);\n}\n});\n}); P.when(\'A\', \'cf\').execute(function(A) {\nA.declarative(\'acrStarsLink-click-metrics\', \'click\', { ""allowLinkDefault"" : true },  function(event){\nif(window.ue) {\nue.count(""acrStarsLinkWithPopoverClickCount"", (ue.count(""acrStarsLinkWithPopoverClickCount"") || 0) + 1);\n}\n});\n}); 4.5 out of 5 stars'}, {'info': 'Is Discontinued By Manufacturer', 'value': 'No'}, {'info': 'GSM frequencies', 'value': '22000 Hz'}, {'info': 'Special Features', 'value': 'Volume-control'}, {'info': 'Other display features', 'value': 'Wireless'}, {'info': 'Colour', 'value': 'Pink'}, {'info': 'Manufacturer', 'value': 'Philips'}, {'info': 'Date First Available', 'value': 'November 17, 2014'}]",,,,,/Philips-SHK2000PK-00-Headphones-Control/product-reviews/B00K792ZIO/ref=cm_cr_dp_d_show_all_btm?ie=UTF8&reviewerType=all_reviews
414,,,,,,,,,
415,OneOdio Bluetooth Headphones - Studio Over Ear Headphones with 50 Hours Playtime Wired and Wireless Professional Monitor Recording Headphones with Stereo Sound for Electric Drum Piano Guitar Amp,,,"[{'info': 'Package Dimensions', 'value': '6.65 x 5.59 x 4.09 inches'}, {'info': 'Item Weight', 'value': '1.01 pounds'}, {'info': 'Manufacturer', 'value': 'OneOdio'}, {'info': 'ASIN', 'value': 'B08TQJSJLP'}, {'info': 'Batteries', 'value': '1 Lithium Polymer batteries required. (included)'}, {'info': 'Customer Reviews', 'value': '/*\n* Fix for UDP-1061. Average customer reviews has a small extra line on hover\n* https://omni-grok.amazon.com/xref/src/appgroup/websiteTemplates/retail/SoftlinesDetailPageAssets/udp-intl-lock/src/legacy.css?indexName=WebsiteTemplates#40\n*/\n.noUnderline a:hover {\ntext-decoration: none;\n} 4.4 out of 5 stars 4,310 ratings P.when(\'A\', \'ready\').execute(function(A) {\nA.declarative(\'acrLink-click-metrics\', \'click\', { ""allowLinkDefault"" : true }, function(event){\nif(window.ue) {\nue.count(""acrLinkClickCount"", (ue.count(""acrLinkClickCount"") || 0) + 1);\n}\n});\n}); P.when(\'A\', \'cf\').execute(function(A) {\nA.declarative(\'acrStarsLink-click-metrics\', \'click\', { ""allowLinkDefault"" : true },  function(event){\nif(window.ue) {\nue.count(""acrStarsLinkWithPopoverClickCount"", (ue.count(""acrStarsLinkWithPopoverClickCount"") || 0) + 1);\n}\n});\n}); 4.4 out of 5 stars'}, {'info': 'Best Sellers Rank', 'value': '#2,029 in Over-Ear Headphones #5,275 in Earbud & In-Ear Headphones'}, {'info': 'Date First Available', 'value': 'January 22, 2021'}]",OneOdio Direct US,https://www.amazon.com/gp/help/seller/at-a-glance.html/ref=dp_merchant_link?ie=UTF8&seller=A3AR3HR83PX1V0&isAmazonFulfilled=1,,,/OneOdio-Bluetooth-Headphones-Professional-Recording/product-reviews/B08TQJSJLP/ref=cm_cr_dp_d_show_all_btm?ie=UTF8&reviewerType=all_reviews
416,,,,,,,,,
417,,,,,,,,,
418,Car the,,,,,,,,/Car-the/product-reviews/B01GWE3HYI/ref=cm_cr_dp_d_show_all_btm?ie=UTF8&reviewerType=all_reviews
419,,,,,,,,,
420,,,,,,,,,
421,,,,,,,,,
422,,,,,,,,,
423,OneOdio Bluetooth Headphones - Studio Over Ear Headphones with 50 Hours Playtime Wired and Wireless Professional Monitor Recording Headphones with Stereo Sound for Electric Drum Piano Guitar Amp,,,,OneOdio Direct US,https://www.amazon.com/gp/help/seller/at-a-glance.html/ref=dp_merchant_link?ie=UTF8&seller=A3AR3HR83PX1V0&isAmazonFulfilled=1,,,/OneOdio-Bluetooth-Headphones-Professional-Recording/product-reviews/B08TQJSJLP?reviewerType=all_reviews
424,,,,,,,,,
425,,,,,,,,,
